No;DATA;HORA;INCIDENTE;SEXO;IDADE;MUNICÍPIO
41290653;01/01/2020;03:27;HOMICÍDIO DOLOSO;M;27;VILA VELHA
41291841;01/01/2020;08:10;HOMICÍDIO DOLOSO;M;39;SERRA
41292282;01/01/2020;09:38;HOMICÍDIO DOLOSO;M;44;BOA ESPERANCA
41292728;01/01/2020;10:49;HOMICÍDIO DOLOSO;M;42;BOM JESUS DO NORTE
41300399;02/01/2020;11:48;HOMICÍDIO DOLOSO;F;61;VILA VELHA
41300416;02/01/2020;11:51;HOMICÍDIO DOLOSO;M;;GUARAPARI
41304091;02/01/2020;18:46;HOMICÍDIO DOLOSO;M;36;VILA VELHA
41304611;02/01/2020;19:43;HOMICÍDIO DOLOSO;M;51;ECOPORANGA
41309912;03/01/2020;14:05;HOMICÍDIO DOLOSO;M;27;VILA VELHA
41309912;03/01/2020;14:05;HOMICÍDIO DOLOSO;M;24;VILA VELHA
41309504;03/01/2020;13:14;LATROCÍNIO;M;;VILA VELHA
41318068;04/01/2020;14:27;HOMICÍDIO DOLOSO;M;;VILA VELHA
41318816;04/01/2020;16:07;HOMICÍDIO DOLOSO;M;26;SERRA
41319061;04/01/2020;16:37;HOMICÍDIO DOLOSO;M;18;VIANA
41320926;04/01/2020;16:40;HOMICÍDIO DOLOSO;M;30;LINHARES
41321143;04/01/2020;20:52;HOMICÍDIO DOLOSO;M;21;ICONHA
41315147;04/01/2020;06:39;LATROCÍNIO;M;67;LINHARES
41326824;05/01/2020;15:59;HOMICÍDIO DOLOSO;M;25;VILA VELHA
41328219;05/01/2020;19:22;HOMICÍDIO DOLOSO;M;23;SERRA
41330188;06/01/2020;04:10;HOMICÍDIO DOLOSO;M;16;ARACRUZ
41334712;06/01/2020;15:28;HOMICÍDIO DOLOSO;M;45;SERRA
41335868;06/01/2020;17:33;HOMICÍDIO DOLOSO;M;18;CARIACICA
41338814;07/01/2020;00:30;HOMICÍDIO DOLOSO;M;36;VILA VALERIO
41338735;07/01/2020;01:40;HOMICÍDIO DOLOSO;M;;LINHARES
41345233;07/01/2020;14:30;HOMICÍDIO DOLOSO;M;;COLATINA
41353910;08/01/2020;19:21;HOMICÍDIO DOLOSO;M;46;CACHOEIRO DE ITAPE
41355239;08/01/2020;22:16;HOMICÍDIO DOLOSO;M;42;VIANA
41356666;09/01/2020;07:18;HOMICÍDIO DOLOSO;M;21;VILA VELHA
41362226;09/01/2020;18:53;HOMICÍDIO DOLOSO;F;29;GUARAPARI
41364559;10/01/2020;00:47;HOMICÍDIO DOLOSO;M;23;VILA VELHA
41364971;10/01/2020;03:35;HOMICÍDIO DOLOSO;M;29;ITAPEMIRIM
41365388;10/01/2020;07:10;HOMICÍDIO DOLOSO;M;28;JAGUARE
41367768;10/01/2020;12:38;HOMICÍDIO DOLOSO;M;;SERRA
41368940;10/01/2020;14:59;HOMICÍDIO DOLOSO;M;33;VIANA
41372849;10/01/2020;23:53;HOMICÍDIO DOLOSO;M;;SERRA
41372736;10/01/2020;23:32;HOMICÍDIO DOLOSO;M;33;ANCHIETA
41380483;11/01/2020;21:59;HOMICÍDIO DOLOSO;M;29;CARIACICA
41373397;11/01/2020;01:59;HOMICÍDIO DOLOSO;M;;SERRA
41385560;12/01/2020;00:00;HOMICÍDIO DOLOSO;M;24;LINHARES
41382405;12/01/2020;02:20;HOMICÍDIO DOLOSO;M;44;VILA VALERIO
41382322;12/01/2020;02:30;HOMICÍDIO DOLOSO;M;22;MANTENOPOLIS
41386091;12/01/2020;16:58;HOMICÍDIO DOLOSO;M;33;LINHARES
41387892;12/01/2020;20:41;HOMICÍDIO DOLOSO;M;17;CARIACICA
41388856;12/01/2020;22:51;HOMICÍDIO DOLOSO;M;62;LINHARES
41389261;13/01/2020;00:21;HOMICÍDIO DOLOSO;M;30;SAO MATEUS
41389480;13/01/2020;01:54;HOMICÍDIO DOLOSO;M;29;CARIACICA
41394911;13/01/2020;16:32;HOMICÍDIO DOLOSO;M;14;SERRA
41395145;13/01/2020;17:01;HOMICÍDIO DOLOSO;M;17;SERRA
41400310;14/01/2020;10:30;HOMICÍDIO DOLOSO;M;34;VILA VELHA
41413028;15/01/2020;20:16;HOMICÍDIO DOLOSO;M;19;GUARAPARI
41413560;15/01/2020;21:30;HOMICÍDIO DOLOSO;M;47;IUNA
41414293;15/01/2020;23:41;HOMICÍDIO DOLOSO;M;;SERRA
41419149;16/01/2020;15:42;HOMICÍDIO DOLOSO;M;25;SERRA
41420552;16/01/2020;18:00;HOMICÍDIO DOLOSO;M;51;SAO MATEUS
41422049;16/01/2020;21:40;HOMICÍDIO DOLOSO;F;;SERRA
41422049;16/01/2020;21:40;HOMICÍDIO DOLOSO;M;;SERRA
41419191;16/01/2020;15:47;HOMICÍDIO DOLOSO;F;39;ITAPEMIRIM
41423469;17/01/2020;06:34;HOMICÍDIO DOLOSO;M;;LINHARES
41425654;17/01/2020;11:58;HOMICÍDIO DOLOSO;M;16;SERRA
41428477;17/01/2020;17:43;HOMICÍDIO DOLOSO;M;25;VILA VELHA
41431479;17/01/2020;19:20;HOMICÍDIO DOLOSO;M;73;BAIXO GUANDU
41429996;17/01/2020;20:57;HOMICÍDIO DOLOSO;M;18;SERRA
41431306;17/01/2020;21:20;LATROCÍNIO;M;23;BARRA DE SAO FRANCI
41432331;18/01/2020;03:10;HOMICÍDIO DOLOSO;M;23;VILA VALERIO
41434772;18/01/2020;13:12;HOMICÍDIO DOLOSO;M;18;VILA VELHA
41439790;19/01/2020;01:21;HOMICÍDIO DOLOSO;F;40;FUNDAO
41439980;19/01/2020;02:08;HOMICÍDIO DOLOSO;M;28;VILA VELHA
41440568;19/01/2020;04:30;HOMICÍDIO DOLOSO;M;null;COLATINA
41447488;20/01/2020;01:10;HOMICÍDIO DOLOSO;M;37;BAIXO GUANDU
41447559;20/01/2020;03:43;HOMICÍDIO DOLOSO;M;32;SERRA
41447675;20/01/2020;05:12;HOMICÍDIO DOLOSO;M;18;CARIACICA
41447675;20/01/2020;05:12;HOMICÍDIO DOLOSO;M;15;CARIACICA
41453939;20/01/2020;19:46;HOMICÍDIO DOLOSO;M;32;CACHOEIRO DE ITAPE
41448354;20/01/2020;08:25;HOMICÍDIO DOLOSO;M;38;VILA VELHA
41463155;21/01/2020;09:50;HOMICÍDIO DOLOSO;M;24;MARATAIZES
41456932;21/01/2020;09:52;HOMICÍDIO DOLOSO;F;32;SANTA MARIA DE JETIB
41460449;21/01/2020;16:27;LATROCÍNIO;F;25;VILA VELHA
41463794;22/01/2020;03:43;HOMICÍDIO DOLOSO;M;21;SERRA
41464057;22/01/2020;06:24;HOMICÍDIO DOLOSO;M;51;SERRA
41466306;22/01/2020;12:14;HOMICÍDIO DOLOSO;M;25;VITORIA
41469303;22/01/2020;18:09;HOMICÍDIO DOLOSO;M;21;VITORIA
41473401;23/01/2020;10:54;HOMICÍDIO DOLOSO;M;25;LINHARES
41475547;23/01/2020;15:00;LATROCÍNIO;M;56;CACHOEIRO DE ITAPE
41479205;24/01/2020;00:14;HOMICÍDIO DOLOSO;M;33;CACHOEIRO DE ITAPE
41481468;24/01/2020;07:00;HOMICÍDIO DOLOSO;M;43;COLATINA
41494361;25/01/2020;20:41;HOMICÍDIO DOLOSO;M;22;SAO MATEUS
41496024;26/01/2020;01:54;HOMICÍDIO DOLOSO;M;;LINHARES
41503241;26/01/2020;19:30;HOMICÍDIO DOLOSO;M;null;BAIXO GUANDU
41504166;27/01/2020;05:26;HOMICÍDIO DOLOSO;M;26;VILA VELHA
41504166;27/01/2020;05:26;HOMICÍDIO DOLOSO;F;22;VILA VELHA
41510533;27/01/2020;17:15;HOMICÍDIO DOLOSO;M;32;COLATINA
41509662;27/01/2020;17:28;HOMICÍDIO DOLOSO;M;;CONCEICAO DA BARR
41508754;27/01/2020;15:45;HOMICÍDIO DOLOSO;M;32;AFONSO CLAUDIO
41513692;28/01/2020;07:30;HOMICÍDIO DOLOSO;F;36;PANCAS
41515693;28/01/2020;12:40;HOMICÍDIO DOLOSO;M;21;PINHEIROS
41517392;28/01/2020;18:04;HOMICÍDIO DOLOSO;M;22;VILA VELHA
41519540;28/01/2020;22:00;HOMICÍDIO DOLOSO;M;20;SAO GABRIEL DA PALH
41518964;29/01/2020;21:50;HOMICÍDIO DOLOSO;M;40;VARGEM ALTA
41534658;30/01/2020;21:15;HOMICÍDIO DOLOSO;M;;SERRA
41542289;31/01/2020;18:51;HOMICÍDIO DOLOSO;M;23;SERRA
41550418;01/02/2020;19:50;HOMICÍDIO DOLOSO;M;42;VILA VELHA
41552286;01/02/2020;00:06;HOMICÍDIO DOLOSO;M;37;JAGUARE
41298121;01/02/2020;03:37;HOMICÍDIO DOLOSO;M;35;CARIACICA
41551468;01/02/2020;19:30;HOMICÍDIO DOLOSO;M;42;BAIXO GUANDU
41557138;02/02/2020;00:00;HOMICÍDIO DOLOSO;M;null;ARACRUZ
41553535;02/02/2020;02:45;HOMICÍDIO DOLOSO;M;28;MARATAIZES
41554059;02/02/2020;08:19;HOMICÍDIO DOLOSO;M;48;ALEGRE
41558095;02/02/2020;19:26;HOMICÍDIO DOLOSO;M;23;LINHARES
41558252;02/02/2020;19:46;HOMICÍDIO DOLOSO;M;25;CARIACICA
41559816;02/02/2020;23:49;HOMICÍDIO DOLOSO;M;32;VITORIA
41558095;02/02/2020;19:26;HOMICÍDIO DOLOSO;M;16;LINHARES
41557457;02/02/2020;17:55;HOMICÍDIO DOLOSO;M;51;BARRA DE SAO FRANCI
41553272;02/02/2020;03:41;LATROCÍNIO;M;18;PEDRO CANARIO
41560688;03/02/2020;07:00;HOMICÍDIO DOLOSO;M;34;CARIACICA
41561014;03/02/2020;08:14;HOMICÍDIO DOLOSO;M;28;RIO NOVO DO SUL
41564255;03/02/2020;14:15;HOMICÍDIO DOLOSO;M;18;CARIACICA
41566534;03/02/2020;14:20;HOMICÍDIO DOLOSO;M;31;BAIXO GUANDU
41568550;03/02/2020;23:14;HOMICÍDIO DOLOSO;M;16;CACHOEIRO DE ITAPE
41568696;03/02/2020;23:53;HOMICÍDIO DOLOSO;M;42;SERRA
41560688;03/02/2020;07:00;HOMICÍDIO DOLOSO;M;23;CARIACICA
41569445;04/02/2020;06:55;HOMICÍDIO DOLOSO;M;48;DORES DO RIO PRETO
41570694;04/02/2020;10:06;HOMICÍDIO DOLOSO;M;20;LINHARES
41588947;06/02/2020;12:12;HOMICÍDIO DOLOSO;M;20;SERRA
41592811;06/02/2020;19:30;HOMICÍDIO DOLOSO;M;31;CARIACICA
41609548;08/02/2020;18:52;HOMICÍDIO DOLOSO;M;25;VILA VELHA
41610608;08/02/2020;21:29;HOMICÍDIO DOLOSO;M;22;SERRA
41603383;08/02/2020;23:21;HOMICÍDIO DOLOSO;F;38;ANCHIETA
41609548;08/02/2020;00:00;HOMICÍDIO DOLOSO;M;26;VILA VELHA
41615129;09/02/2020;13:35;HOMICÍDIO DOLOSO;M;50;VITORIA
41617208;09/02/2020;18:38;HOMICÍDIO DOLOSO;M;22;SERRA
41618187;09/02/2020;20:37;HOMICÍDIO DOLOSO;M;17;SERRA
41618187;09/02/2020;20:37;HOMICÍDIO DOLOSO;M;28;SERRA
41618253;09/02/2020;20:44;HOMICÍDIO DOLOSO;F;3;VILA VELHA
41633524;09/02/2020;14:00;HOMICÍDIO DOLOSO;F;21;SANTA TERESA
41619469;10/02/2020;00:22;HOMICÍDIO DOLOSO;M;;SERRA
41619776;10/02/2020;02:33;HOMICÍDIO DOLOSO;M;26;CARIACICA
41620624;10/02/2020;08:33;HOMICÍDIO DOLOSO;M;22;LINHARES
41623575;10/02/2020;14:30;HOMICÍDIO DOLOSO;M;56;LINHARES
41636142;11/02/2020;00:00;HOMICÍDIO DOLOSO;M;31;CARIACICA
41633577;11/02/2020;17:17;HOMICÍDIO DOLOSO;M;33;VITORIA
41634298;11/02/2020;18:44;HOMICÍDIO DOLOSO;M;34;VILA VELHA
41652671;13/02/2020;22:32;HOMICÍDIO DOLOSO;M;36;SERRA
41659785;14/02/2020;19:19;HOMICÍDIO DOLOSO;M;29;GUARAPARI
41662293;15/02/2020;03:55;HOMICÍDIO DOLOSO;M;null;VILA PAVAO
41662293;15/02/2020;03:55;HOMICÍDIO DOLOSO;F;null;VILA PAVAO
41662160;15/02/2020;04:19;HOMICÍDIO DOLOSO;M;17;IBATIBA
41662288;15/02/2020;05:18;HOMICÍDIO DOLOSO;M;18;CARIACICA
41662288;15/02/2020;05:11;HOMICÍDIO DOLOSO;M;;CARIACICA
41666368;15/02/2020;17:18;HOMICÍDIO DOLOSO;M;43;VILA VELHA
41667899;15/02/2020;20:31;HOMICÍDIO DOLOSO;M;21;SERRA
41671020;16/02/2020;07:05;HOMICÍDIO DOLOSO;F;29;CONCEICAO DA BARR
41673153;16/02/2020;07:30;HOMICÍDIO DOLOSO;M;58;BAIXO GUANDU
41673719;16/02/2020;15:49;HOMICÍDIO DOLOSO;M;52;ITARANA
41674400;16/02/2020;17:17;HOMICÍDIO DOLOSO;M;22;COLATINA
41674364;16/02/2020;17:27;HOMICÍDIO DOLOSO;M;26;VITORIA
41676201;16/02/2020;21:19;HOMICÍDIO DOLOSO;M;24;CARIACICA
41682259;17/02/2020;06:40;HOMICÍDIO DOLOSO;M;null;PINHEIROS
41685229;17/02/2020;21:08;HOMICÍDIO DOLOSO;M;28;VILA VELHA
41685892;17/02/2020;22:40;HOMICÍDIO DOLOSO;M;19;CARIACICA
41685969;17/02/2020;22:54;HOMICÍDIO DOLOSO;M;21;SERRA
41683730;17/02/2020;17:46;LATROCÍNIO;M;;VILA VELHA
41678331;17/02/2020;06:00;LATROCÍNIO;M; ;BAIXO GUANDU
41686759;18/02/2020;05:34;HOMICÍDIO DOLOSO;F;;SERRA
41687330;18/02/2020;08:12;HOMICÍDIO DOLOSO;M;41;SAO MATEUS
41693527;18/02/2020;20:54;HOMICÍDIO DOLOSO;M;34;VILA VELHA
41695106;19/02/2020;05:40;HOMICÍDIO DOLOSO;M;48;CONCEICAO DO CAST
41697413;19/02/2020;06:30;HOMICÍDIO DOLOSO;M;43;PANCAS
41708055;20/02/2020;16:42;HOMICÍDIO DOLOSO;M;57;CARIACICA
41710453;20/02/2020;22:08;HOMICÍDIO DOLOSO;M;;SERRA
41703570;20/02/2020;07:15;LATROCÍNIO;M;;CONCEICAO DA BARR
41710320;20/02/2020;21:48;LATROCÍNIO;M;41;PRESIDENTE KENNEDY
41711397;21/02/2020;01:38;HOMICÍDIO DOLOSO;M;34;CARIACICA
41712111;21/02/2020;07:51;HOMICÍDIO DOLOSO;M;;IBIRACU
41718203;21/02/2020;20:13;HOMICÍDIO DOLOSO;M;;SOORETAMA
41714945;21/02/2020;13:51;HOMICÍDIO DOLOSO;M;25;SERRA
41711225;21/02/2020;00:45;HOMICÍDIO DOLOSO;M;33;IBIRACU
41723235;22/02/2020;12:44;HOMICÍDIO DOLOSO;M;49;SERRA
41724851;22/02/2020;16:12;HOMICÍDIO DOLOSO;M;23;CACHOEIRO DE ITAPE
41727751;22/02/2020;22:21;HOMICÍDIO DOLOSO;M;19;VITORIA
41728988;23/02/2020;00:07;HOMICÍDIO DOLOSO;M;17;VILA VELHA
41730737;23/02/2020;10:46;HOMICÍDIO DOLOSO;M;;SERRA
41731796;23/02/2020;14:09;HOMICÍDIO DOLOSO;M;68;GUARAPARI
41731931;23/02/2020;14:35;HOMICÍDIO DOLOSO;M;18;SERRA
41732305;23/02/2020;15:24;HOMICÍDIO DOLOSO;M;41;CARIACICA
41736490;24/02/2020;02:54;HOMICÍDIO DOLOSO;M;32;MONTANHA
41739419;24/02/2020;14:39;HOMICÍDIO DOLOSO;M;35;VILA VELHA
41735783;24/02/2020;00:09;HOMICÍDIO DOLOSO;M;20;CONCEICAO DA BARR
41744073;25/02/2020;02:39;HOMICÍDIO DOLOSO;M;32;SAO MATEUS
41745711;25/02/2020;10:46;HOMICÍDIO DOLOSO;M;75;LINHARES
41747694;25/02/2020;11:42;HOMICÍDIO DOLOSO;M;66;BARRA DE SAO FRANCI
41750892;25/02/2020;15:30;HOMICÍDIO DOLOSO;M;51;NOVA VENECIA
41747574;25/02/2020;15:40;HOMICÍDIO DOLOSO;M;24;SOORETAMA
41750666;25/02/2020;22:20;HOMICÍDIO DOLOSO;F;22;VILA VELHA
41750682;25/02/2020;22:21;HOMICÍDIO DOLOSO;M;15;CARIACICA
41751080;25/02/2020;23:28;LATROCÍNIO;M;19;GUARAPARI
41751681;26/02/2020;01:20;HOMICÍDIO DOLOSO;M;24;MARATAIZES
41752235;26/02/2020;03:36;HOMICÍDIO DOLOSO;M;19;CARIACICA
41752235;26/02/2020;03:36;HOMICÍDIO DOLOSO;M;23;CARIACICA
41753845;26/02/2020;10:53;HOMICÍDIO DOLOSO;M;54;CARIACICA
41758093;26/02/2020;20:44;HOMICÍDIO DOLOSO;M;;BREJETUBA
41758093;26/02/2020;22:20;HOMICÍDIO DOLOSO;F;43;BREJETUBA
41764889;27/02/2020;16:52;HOMICÍDIO DOLOSO;M;18;SERRA
41765723;27/02/2020;18:27;HOMICÍDIO DOLOSO;M;34;SAO MATEUS
41765959;27/02/2020;18:50;HOMICÍDIO DOLOSO;M;15;CACHOEIRO DE ITAPE
41766595;27/02/2020;20:15;HOMICÍDIO DOLOSO;M;65;FUNDAO
41762334;27/02/2020;12:17;HOMICÍDIO DOLOSO;M;;LINHARES
41768536;28/02/2020;05:34;HOMICÍDIO DOLOSO;M;17;SERRA
41768655;28/02/2020;06:40;HOMICÍDIO DOLOSO;M;24;SERRA
41768872;28/02/2020;07:54;HOMICÍDIO DOLOSO;F;33;CACHOEIRO DE ITAPE
41775186;28/02/2020;20:35;HOMICÍDIO DOLOSO;M;18;SERRA
41775606;28/02/2020;21:25;HOMICÍDIO DOLOSO;M;20;VIANA
41776856;29/02/2020;01:31;HOMICÍDIO DOLOSO;M;23;SERRA
41776961;29/02/2020;02:03;HOMICÍDIO DOLOSO;M;23;LINHARES
41778916;29/02/2020;11:38;HOMICÍDIO DOLOSO;M;18;SERRA
41782004;29/02/2020;19:27;HOMICÍDIO DOLOSO;M;16;VILA VELHA
41784654;01/03/2020;01:34;HOMICÍDIO DOLOSO;M;30;CARIACICA
41785480;01/03/2020;04:30;HOMICÍDIO DOLOSO;M;21;ECOPORANGA
41788177;01/03/2020;15:44;HOMICÍDIO DOLOSO;M;23;SERRA
41792554;02/03/2020;07:00;HOMICÍDIO DOLOSO;M;;VILA VELHA
41799267;02/03/2020;17:00;HOMICÍDIO DOLOSO;M;17;NOVA VENECIA
41792975;02/03/2020;08:24;LATROCÍNIO;M;3O7RTE;LINHARES
41801582;03/03/2020;08:44;HOMICÍDIO DOLOSO;M;15;VILA VELHA
41805378;03/03/2020;16:04;HOMICÍDIO DOLOSO;M;33;PEDRO CANARIO
41806239;03/03/2020;17:39;HOMICÍDIO DOLOSO;M;18;VITORIA
41802675;03/03/2020;00:00;HOMICÍDIO DOLOSO;M;null;VILA VALERIO
41817404;05/03/2020;00:00;HOMICÍDIO DOLOSO;M;23;VITORIA
41816916;05/03/2020;01:10;HOMICÍDIO DOLOSO;F;42;CONCEICAO DA BARR
41819792;05/03/2020;12:47;HOMICÍDIO DOLOSO;M;24;CARIACICA
41820459;05/03/2020;14:19;HOMICÍDIO DOLOSO;M;21;VILA VELHA
41823629;05/03/2020;00:00;HOMICÍDIO DOLOSO;M;32;VILA VELHA
41825358;06/03/2020;07:33;HOMICÍDIO DOLOSO;F;67;JAGUARE
41833881;07/03/2020;07:04;HOMICÍDIO DOLOSO;M;34;GUARAPARI
41834362;07/03/2020;09:18;HOMICÍDIO DOLOSO;M;19;SERRA
41836255;07/03/2020;14:36;HOMICÍDIO DOLOSO;M;24;SERRA
41837616;07/03/2020;18:28;HOMICÍDIO DOLOSO;M;;SERRA
41838186;07/03/2020;19:47;HOMICÍDIO DOLOSO;M;18;VILA VELHA
41840673;08/03/2020;01:00;HOMICÍDIO DOLOSO;M;19;PINHEIROS
41841155;08/03/2020;06:55;HOMICÍDIO DOLOSO;M;22;CARIACICA
41841272;08/03/2020;07:29;HOMICÍDIO DOLOSO;M;22;CARIACICA
41842220;08/03/2020;11:23;HOMICÍDIO DOLOSO;M;19;SERRA
41844054;08/03/2020;16:39;HOMICÍDIO DOLOSO;M;19;CARIACICA
41844692;08/03/2020;18:06;HOMICÍDIO DOLOSO;M;20;CARIACICA
41845494;08/03/2020;20:04;HOMICÍDIO DOLOSO;M;22;LARANJA DA TERRA
41853143;09/03/2020;08:00;HOMICÍDIO DOLOSO;F;28;CACHOEIRO DE ITAPE
41848861;09/03/2020;09:54;HOMICÍDIO DOLOSO;M;19;ARACRUZ
41852140;09/03/2020;15:56;HOMICÍDIO DOLOSO;M;20;VILA VELHA
41853704;09/03/2020;18:55;HOMICÍDIO DOLOSO;M;28;SAO MATEUS
41851720;09/03/2020;13:50;LATROCÍNIO;F;15;SAO MATEUS
41856470;10/03/2020;07:11;HOMICÍDIO DOLOSO;M;17;CARIACICA
41863645;10/03/2020;22:32;HOMICÍDIO DOLOSO;M;28;CACHOEIRO DE ITAPE
41864097;10/03/2020;23:59;LATROCÍNIO;M;5O0RTE;SERRA
41864186;11/03/2020;00:18;HOMICÍDIO DOLOSO;M;30;SERRA
41865195;11/03/2020;06:44;HOMICÍDIO DOLOSO;M;36;SAO MATEUS
41870962;11/03/2020;19:25;HOMICÍDIO DOLOSO;M;21;SERRA
41874985;12/03/2020;11:30;HOMICÍDIO DOLOSO;M;34;FUNDAO
41882067;13/03/2020;08:44;HOMICÍDIO DOLOSO;M;null;VILA VELHA
41888229;13/03/2020;21:16;HOMICÍDIO DOLOSO;M;21;SERRA
41888440;13/03/2020;21:50;HOMICÍDIO DOLOSO;M;17;LINHARES
41882067;13/03/2020;08:44;HOMICÍDIO DOLOSO;F;36;VILA VELHA
41889867;14/03/2020;00:00;HOMICÍDIO DOLOSO;M;20;VILA VELHA
41889787;14/03/2020;02:46;HOMICÍDIO DOLOSO;M;36;LINHARES
41890290;14/03/2020;06:15;HOMICÍDIO DOLOSO;M;;CARIACICA
41892160;14/03/2020;12:49;HOMICÍDIO DOLOSO;M;22;VILA VELHA
41893966;14/03/2020;17:15;HOMICÍDIO DOLOSO;M;17;CARIACICA
41895757;14/03/2020;21:16;HOMICÍDIO DOLOSO;M;32;JAGUARE
41896065;14/03/2020;22:00;HOMICÍDIO DOLOSO;M;23;CARIACICA
41895107;14/03/2020;19:41;HOMICÍDIO DOLOSO;M;29;CARIACICA
41898574;15/03/2020;08:52;HOMICÍDIO DOLOSO;M;17;VILA VELHA
41899574;15/03/2020;12:15;HOMICÍDIO DOLOSO;M;17;VILA VELHA
41899804;15/03/2020;13:01;HOMICÍDIO DOLOSO;F;;VITORIA
41903318;15/03/2020;22:15;HOMICÍDIO DOLOSO;M;15;CARIACICA
41903361;15/03/2020;22:20;HOMICÍDIO DOLOSO;M;29;CARIACICA
41904436;16/03/2020;00:00;HOMICÍDIO DOLOSO;M;38;VILA VELHA
41906570;16/03/2020;11:38;HOMICÍDIO DOLOSO;M;17;PEDRO CANARIO
41908116;16/03/2020;14:47;HOMICÍDIO DOLOSO;M;35;FUNDAO
41910238;16/03/2020;18:27;HOMICÍDIO DOLOSO;M;45;CARIACICA
41899804;16/03/2020;13:01;HOMICÍDIO DOLOSO;M;18;VITORIA
41905602;16/03/2020;09:53;HOMICÍDIO DOLOSO;M;47;SERRA
41912316;17/03/2020;00:33;HOMICÍDIO DOLOSO;M;22;VITORIA
41912416;17/03/2020;01:08;HOMICÍDIO DOLOSO;M;21;CARIACICA
41912701;17/03/2020;05:27;HOMICÍDIO DOLOSO;M;21;CARIACICA
41920064;17/03/2020;22:43;HOMICÍDIO DOLOSO;M;26;GUARAPARI
41920976;18/03/2020;06:22;HOMICÍDIO DOLOSO;M;20;CARIACICA
41921360;18/03/2020;08:15;HOMICÍDIO DOLOSO;M;;ANCHIETA
41921360;18/03/2020;08:18;HOMICÍDIO DOLOSO;M;null;ANCHIETA
41926854;18/03/2020;19:40;HOMICÍDIO DOLOSO;F;19;VITORIA
41928119;18/03/2020;21:50;HOMICÍDIO DOLOSO;M;22;NOVA VENECIA
41925586;18/03/2020;16:51;LATROCÍNIO;M;null;SERRA
41924397;18/03/2020;14:50;LESÃO CORPORAL SEGUI;M;4O1RTE;LINHARES
41932689;19/03/2020;15:08;HOMICÍDIO DOLOSO;M;43;GUACUI
41934158;19/03/2020;18:03;HOMICÍDIO DOLOSO;M;43;SAO MATEUS
41935738;19/03/2020;21:31;HOMICÍDIO DOLOSO;M;20;CACHOEIRO DE ITAPE
41929072;19/03/2020;05:53;LATROCÍNIO;M;62;VILA VELHA
41936792;20/03/2020;01:02;HOMICÍDIO DOLOSO;M;33;CARIACICA
41940386;20/03/2020;10:20;HOMICÍDIO DOLOSO;M;53;SERRA
41939630;20/03/2020;12:26;HOMICÍDIO DOLOSO;M;19;VILA VELHA
41940017;20/03/2020;13:21;HOMICÍDIO DOLOSO;M;43;LINHARES
41941882;20/03/2020;17:12;HOMICÍDIO DOLOSO;M;55;MARATAIZES
41943848;20/03/2020;21:50;HOMICÍDIO DOLOSO;M;21;SERRA
41944439;20/03/2020;23:25;HOMICÍDIO DOLOSO;M;25;VILA VELHA
41944439;20/03/2020;23:25;HOMICÍDIO DOLOSO;M;21;VILA VELHA
41937287;20/03/2020;05:40;LATROCÍNIO;M;45;SERRA
41948161;21/03/2020;13:48;HOMICÍDIO DOLOSO;M;17;SERRA
41950440;21/03/2020;18:32;HOMICÍDIO DOLOSO;M;27;CARIACICA
41951195;21/03/2020;20:30;HOMICÍDIO DOLOSO;M;34;CARIACICA
41951423;21/03/2020;21:08;HOMICÍDIO DOLOSO;M;47;CARIACICA
41952491;21/03/2020;23:55;HOMICÍDIO DOLOSO;M;19;SERRA
41958070;22/03/2020;00:00;HOMICÍDIO DOLOSO;M;22;GUARAPARI
41953061;22/03/2020;02:01;HOMICÍDIO DOLOSO;M;22;SERRA
41953061;22/03/2020;02:01;HOMICÍDIO DOLOSO;M;19;SERRA
41953753;22/03/2020;06:54;HOMICÍDIO DOLOSO;M;22;VILA VELHA
41955358;22/03/2020;12:08;HOMICÍDIO DOLOSO;M;21;SERRA
41958807;22/03/2020;19:39;HOMICÍDIO DOLOSO;M;37;SOORETAMA
41959525;22/03/2020;21:21;HOMICÍDIO DOLOSO;M;23;CARIACICA
41959830;22/03/2020;22:56;HOMICÍDIO DOLOSO;M;41;MIMOSO DO SUL
41959911;22/03/2020;22:28;HOMICÍDIO DOLOSO;M;30;LINHARES
41953068;22/03/2020;02:03;HOMICÍDIO DOLOSO;M;32;CARIACICA
41957825;22/03/2020;17:36;LATROCÍNIO;F;27;VILA VELHA
41962836;23/03/2020;12:04;HOMICÍDIO DOLOSO;M;32;CARIACICA
41963122;23/03/2020;12:48;HOMICÍDIO DOLOSO;F;37;CONCEICAO DO CAST
41967273;23/03/2020;22:46;HOMICÍDIO DOLOSO;M;21;CARIACICA
41957726;23/03/2020;17:24;HOMICÍDIO DOLOSO;M;;VITORIA
41962224;23/03/2020;10:33;LATROCÍNIO;M;64;PEDRO CANARIO
41968010;24/03/2020;04:32;HOMICÍDIO DOLOSO;F;19;CARIACICA
41970282;24/03/2020;12:24;HOMICÍDIO DOLOSO;F;30;FUNDAO
41936564;24/03/2020;23:53;HOMICÍDIO DOLOSO;M;19;VILA VELHA
41968761;24/03/2020;08:58;HOMICÍDIO DOLOSO;F;40;RIO BANANAL
41974460;25/03/2020;00:06;HOMICÍDIO DOLOSO;M;32;CACHOEIRO DE ITAPE
41977767;25/03/2020;07:40;HOMICÍDIO DOLOSO;M;41;ECOPORANGA
41976806;25/03/2020;12:05;HOMICÍDIO DOLOSO;M;21;CARIACICA
41977486;25/03/2020;13:51;HOMICÍDIO DOLOSO;M;16;VIANA
41980569;25/03/2020;21:12;HOMICÍDIO DOLOSO;M;44;SERRA
41986476;26/03/2020;19:32;HOMICÍDIO DOLOSO;M;15;GUARAPARI
41986591;26/03/2020;19:54;HOMICÍDIO DOLOSO;M;16;VILA VELHA
41987592;26/03/2020;23:15;HOMICÍDIO DOLOSO;M;26;CARIACICA
41987963;26/03/2020;23:10;HOMICÍDIO DOLOSO;M;21;COLATINA
41983078;26/03/2020;10:42;LATROCÍNIO;M;20;SERRA
41991585;27/03/2020;15:06;HOMICÍDIO DOLOSO;M;16;VILA VELHA
41992606;27/03/2020;17:34;HOMICÍDIO DOLOSO;M;18;CARIACICA
41993222;27/03/2020;18:56;HOMICÍDIO DOLOSO;M;32;AFONSO CLAUDIO
41993283;27/03/2020;19:05;HOMICÍDIO DOLOSO;M;47;VILA VELHA
41993533;27/03/2020;19:46;HOMICÍDIO DOLOSO;F;34;VILA VELHA
41995021;27/03/2020;21:30;HOMICÍDIO DOLOSO;M;34;SAO GABRIEL DA PALH
41994768;27/03/2020;23:10;HOMICÍDIO DOLOSO;M;20;CARIACICA
41988286;27/03/2020;01:30;LESÃO CORPORAL SEGUI;M;4O6RTE;BARRA DE SAO FRANCI
41995253;28/03/2020;14:24;HOMICÍDIO DOLOSO;F;61;DIVINO DE SAO LOURE
41995303;28/03/2020;17:09;HOMICÍDIO DOLOSO;M;19;VITORIA
41996161;28/03/2020;19:31;HOMICÍDIO DOLOSO;M;14;LINHARES
41997086;28/03/2020;22:23;HOMICÍDIO DOLOSO;F;;CARIACICA
41995217;28/03/2020;11:00;HOMICÍDIO DOLOSO;M;48;GUARAPARI
41998408;29/03/2020;05:26;HOMICÍDIO DOLOSO;M;23;CARIACICA
41998688;29/03/2020;07:38;HOMICÍDIO DOLOSO;M;30;CARIACICA
42001019;29/03/2020;15:46;HOMICÍDIO DOLOSO;M;15;SERRA
42002678;29/03/2020;19:51;HOMICÍDIO DOLOSO;M;19;VILA VELHA
42002782;29/03/2020;20:08;HOMICÍDIO DOLOSO;M;36;SAO MATEUS
42003194;29/03/2020;21:19;HOMICÍDIO DOLOSO;M;25;CARIACICA
42003694;29/03/2020;22:39;HOMICÍDIO DOLOSO;M;;VILA VELHA
42000579;29/03/2020;14:28;HOMICÍDIO DOLOSO;M;16;GUACUI
42004476;30/03/2020;03:04;HOMICÍDIO DOLOSO;M;25;ECOPORANGA
42004751;30/03/2020;06:59;HOMICÍDIO DOLOSO;M;48;CASTELO
42008628;30/03/2020;17:10;HOMICÍDIO DOLOSO;M;19;ATILIO VIVACQUA
42010313;30/03/2020;21:37;HOMICÍDIO DOLOSO;M;16;LINHARES
42010655;30/03/2020;23:03;HOMICÍDIO DOLOSO;M;24;LINHARES
41890399;30/03/2020;07:03;HOMICÍDIO DOLOSO;F;30;VILA VELHA
42012154;31/03/2020;09:14;HOMICÍDIO DOLOSO;M;38;CARIACICA
42017365;31/03/2020;23:40;HOMICÍDIO DOLOSO;M;32;CONCEICAO DA BARR
42017555;01/04/2020;00:31;HOMICÍDIO DOLOSO;F;34;CARIACICA
42017905;01/04/2020;04:31;HOMICÍDIO DOLOSO;M;;VITORIA
42024255;02/04/2020;01:17;HOMICÍDIO DOLOSO;M;18;SERRA
42024633;02/04/2020;06:04;HOMICÍDIO DOLOSO;M;44;VIANA
42025408;02/04/2020;09:38;HOMICÍDIO DOLOSO;M;22;VILA VELHA
42026083;02/04/2020;11:19;HOMICÍDIO DOLOSO;M;19;VILA VELHA
42024013;02/04/2020;22:20;HOMICÍDIO DOLOSO;M;18;MONTANHA
42030286;02/04/2020;23:44;HOMICÍDIO DOLOSO;M;42;CARIACICA
42029011;02/04/2020;19:12;HOMICÍDIO DOLOSO;M;26;SERRA
42025829;02/04/2020;10:36;HOMICÍDIO DOLOSO;M;35;CONCEICAO DA BARR
42031331;03/04/2020;08:15;HOMICÍDIO DOLOSO;M;29;CARIACICA
42032742;03/04/2020;11:56;HOMICÍDIO DOLOSO;M;31;CARIACICA
42036290;03/04/2020;21:14;HOMICÍDIO DOLOSO;M;42;AFONSO CLAUDIO
42036727;03/04/2020;22:28;HOMICÍDIO DOLOSO;M;23;VILA VELHA
42036727;03/04/2020;22:28;HOMICÍDIO DOLOSO;M;19;VILA VELHA
42038153;04/04/2020;07:45;HOMICÍDIO DOLOSO;M;18;VILA VELHA
42039709;04/04/2020;13:12;HOMICÍDIO DOLOSO;M;27;SERRA
42041151;04/04/2020;17:36;HOMICÍDIO DOLOSO;M;18;CARIACICA
42042030;04/04/2020;19:55;HOMICÍDIO DOLOSO;M;null;VILA VELHA
42042083;04/04/2020;20:07;HOMICÍDIO DOLOSO;M;;SERRA
42043010;04/04/2020;22:47;HOMICÍDIO DOLOSO;M;26;VIANA
42043313;04/04/2020;00:04;HOMICÍDIO DOLOSO;F;33;LINHARES
42042993;04/04/2020;22:41;HOMICÍDIO DOLOSO;M;22;GUARAPARI
42042461;04/04/2020;21:08;HOMICÍDIO DOLOSO;M;36;SERRA
42043342;05/04/2020;00:11;HOMICÍDIO DOLOSO;M;50;VILA VELHA
42043476;05/04/2020;00:50;HOMICÍDIO DOLOSO;M;46;VILA VELHA
42043808;05/04/2020;02:38;HOMICÍDIO DOLOSO;M;null;CARIACICA
42045410;05/04/2020;11:21;HOMICÍDIO DOLOSO;M;32;SAO MATEUS
42046037;05/04/2020;13:39;HOMICÍDIO DOLOSO;M;20;CARIACICA
42048595;05/04/2020;21:04;HOMICÍDIO DOLOSO;M;25;GUARAPARI
42042043;05/04/2020;19:58;HOMICÍDIO DOLOSO;M;25;SERRA
41974460;05/04/2020;00:06;HOMICÍDIO DOLOSO;M;67;CACHOEIRO DE ITAPE
41838186;05/04/2020;19:47;HOMICÍDIO DOLOSO;M;22;VILA VELHA
42044170;05/04/2020;05:00;LATROCÍNIO;M;27;SERRA
42044490;05/04/2020;07:36;LATROCÍNIO;M;77;SERRA
42049452;06/04/2020;00:20;HOMICÍDIO DOLOSO;M;49;GUACUI
42052725;06/04/2020;14:42;HOMICÍDIO DOLOSO;M;19;SERRA
42054041;06/04/2020;16:50;HOMICÍDIO DOLOSO;M;34;PINHEIROS
42057383;07/04/2020;08:35;HOMICÍDIO DOLOSO;M;31;BAIXO GUANDU
42067142;08/04/2020;17:22;HOMICÍDIO DOLOSO;M;27;CARIACICA
42068150;08/04/2020;20:15;HOMICÍDIO DOLOSO;M;35;SERRA
42068275;08/04/2020;20:41;HOMICÍDIO DOLOSO;M;20;JAGUARE
42076877;10/04/2020;10:46;HOMICÍDIO DOLOSO;M;56;VILA VELHA
42081443;10/04/2020;23:39;HOMICÍDIO DOLOSO;M;42;CARIACICA
42079714;10/04/2020;18:58;HOMICÍDIO DOLOSO;M;36;VITORIA
42087673;11/04/2020;21:48;HOMICÍDIO DOLOSO;M;22;SOORETAMA
42090186;12/04/2020;09:44;HOMICÍDIO DOLOSO;M;32;JAGUARE
42091460;12/04/2020;14:32;HOMICÍDIO DOLOSO;M;45;CACHOEIRO DE ITAPE
42092158;12/04/2020;16:26;HOMICÍDIO DOLOSO;M;17;SERRA
42094682;13/04/2020;00:29;HOMICÍDIO DOLOSO;M;41;NOVA VENECIA
42102358;14/04/2020;08:28;HOMICÍDIO DOLOSO;M;30;GUARAPARI
42108349;15/04/2020;00:00;HOMICÍDIO DOLOSO;M;49;ANCHIETA
42108184;15/04/2020;03:00;HOMICÍDIO DOLOSO;M;38;BOM JESUS DO NORTE
42108320;15/04/2020;05:58;HOMICÍDIO DOLOSO;M;47;SERRA
42110140;15/04/2020;12:14;HOMICÍDIO DOLOSO;M;;CARIACICA
42110287;15/04/2020;12:40;HOMICÍDIO DOLOSO;M;52;GUARAPARI
42114556;16/04/2020;00:32;HOMICÍDIO DOLOSO;M;38;VIANA
42114825;16/04/2020;03:18;HOMICÍDIO DOLOSO;M;30;VILA VELHA
42118527;16/04/2020;16:54;HOMICÍDIO DOLOSO;M;19;SERRA
42118865;16/04/2020;17:41;HOMICÍDIO DOLOSO;M;25;CARIACICA
42120018;16/04/2020;20:33;HOMICÍDIO DOLOSO;M;29;JAGUARE
42117805;16/04/2020;15:04;LATROCÍNIO;M;43;CONCEICAO DA BARR
42121324;17/04/2020;01:52;HOMICÍDIO DOLOSO;M;20;VILA VELHA
42124881;17/04/2020;15:00;HOMICÍDIO DOLOSO;M;35;VITORIA
42124881;17/04/2020;15:00;HOMICÍDIO DOLOSO;M;26;VITORIA
42129485;17/04/2020;23:20;HOMICÍDIO DOLOSO;M;18;COLATINA
42129385;18/04/2020;03:23;HOMICÍDIO DOLOSO;M;27;CARIACICA
42130049;18/04/2020;08:23;HOMICÍDIO DOLOSO;M;19;AFONSO CLAUDIO
42131973;18/04/2020;14:33;HOMICÍDIO DOLOSO;M;33;LINHARES
42132304;18/04/2020;15:30;HOMICÍDIO DOLOSO;M;21;VITORIA
42136551;19/04/2020;01:49;HOMICÍDIO DOLOSO;M;15;VILA VELHA
42140712;19/04/2020;18:00;HOMICÍDIO DOLOSO;M;33;ALEGRE
42140784;19/04/2020;18:09;HOMICÍDIO DOLOSO;M;36;CARIACICA
42141602;19/04/2020;20:17;HOMICÍDIO DOLOSO;M;18;LINHARES
42152807;21/04/2020;15:38;HOMICÍDIO DOLOSO;M;41;ARACRUZ
42157263;22/04/2020;09:35;HOMICÍDIO DOLOSO;M;42;LINHARES
42162666;22/04/2020;22:48;HOMICÍDIO DOLOSO;M;15;SERRA
42161603;22/04/2020;20:01;HOMICÍDIO DOLOSO;M;35;LINHARES
42161882;22/04/2020;20:43;HOMICÍDIO DOLOSO;M;21;SERRA
42163164;23/04/2020;00:41;HOMICÍDIO DOLOSO;M;27;VITORIA
42167777;23/04/2020;16:53;HOMICÍDIO DOLOSO;M;56;IBATIBA
42170238;23/04/2020;23:19;HOMICÍDIO DOLOSO;M;;PEDRO CANARIO
42163653;23/04/2020;05:39;HOMICÍDIO DOLOSO;M;38;VILA VELHA
41806081;23/04/2020;19:40;HOMICÍDIO DOLOSO;M;17;SERRA
42174497;24/04/2020;15:58;HOMICÍDIO DOLOSO;M;16;SERRA
42175936;24/04/2020;19:36;HOMICÍDIO DOLOSO;M;29;GUARAPARI
4+454:9452169693;24/04/2020;21:29;LESÃO CORPORAL SEGUI;MA DE;3O7RTE;IBATIBA
42178571;25/04/2020;04:20;HOMICÍDIO DOLOSO;M;38;SERRA
42181799;25/04/2020;16:51;HOMICÍDIO DOLOSO;M;22;SERRA
42184508;25/04/2020;23:45;HOMICÍDIO DOLOSO;M;21;LINHARES
42093790;26/04/2020;20:51;HOMICÍDIO DOLOSO;M;30;ITAPEMIRIM
42192843;27/04/2020;07:45;HOMICÍDIO DOLOSO;M;58;VILA VALERIO
42204628;28/04/2020;21:44;HOMICÍDIO DOLOSO;M;28;ANCHIETA
42193896;28/04/2020;12:45;HOMICÍDIO DOLOSO;M;22;SERRA
42210046;29/04/2020;08:00;HOMICÍDIO DOLOSO;M;40;VIANA
42210607;29/04/2020;18:47;HOMICÍDIO DOLOSO;M;19;CARIACICA
42206858;29/04/2020;09:56;HOMICÍDIO DOLOSO;F;;ALTO RIO NOVO
42212724;30/04/2020;05:06;HOMICÍDIO DOLOSO;M;20;VILA VELHA
42220601;01/05/2020;06:25;HOMICÍDIO DOLOSO;M;17;PIUMA
42221521;01/05/2020;10:16;HOMICÍDIO DOLOSO;M;35;VILA VELHA
42227354;01/05/2020;22:40;HOMICÍDIO DOLOSO;M;17;NOVA VENECIA
42226712;02/05/2020;01:11;HOMICÍDIO DOLOSO;M;16;SERRA
42230874;02/05/2020;11:00;HOMICÍDIO DOLOSO;M;56;VILA PAVAO
42237204;03/05/2020;00:00;HOMICÍDIO DOLOSO;M;35;CONCEICAO DA BARR
42234255;03/05/2020;00:44;HOMICÍDIO DOLOSO;F;19;ALEGRE
42239454;03/05/2020;20:19;HOMICÍDIO DOLOSO;M;43;GUARAPARI
42244766;04/05/2020;14:56;HOMICÍDIO DOLOSO;M;;CARIACICA
42033765;04/05/2020;14:35;HOMICÍDIO DOLOSO;M;31;VITORIA
42250193;05/05/2020;11:46;HOMICÍDIO DOLOSO;M;24;VIANA
42253641;05/05/2020;19:48;HOMICÍDIO DOLOSO;M;43;LINHARES
42260487;06/05/2020;19:05;HOMICÍDIO DOLOSO;M;20;SAO MATEUS
42268331;07/05/2020;22:18;HOMICÍDIO DOLOSO;M;19;VILA VELHA
42272246;08/05/2020;14:28;HOMICÍDIO DOLOSO;M;16;ARACRUZ
42275319;08/05/2020;21:45;HOMICÍDIO DOLOSO;null;;SAO MATEUS
42288869;10/05/2020;00:00;HOMICÍDIO DOLOSO;F;23;SAO MATEUS
42289966;10/05/2020;23:54;HOMICÍDIO DOLOSO;M;;VITORIA
42292926;11/05/2020;12:39;HOMICÍDIO DOLOSO;M;20;VITORIA
42292926;11/05/2020;12:39;HOMICÍDIO DOLOSO;M;20;VITORIA
42299244;12/05/2020;11:47;HOMICÍDIO DOLOSO;M;24;JAGUARE
42301962;12/05/2020;17:50;HOMICÍDIO DOLOSO;M;22;VILA VELHA
42301994;12/05/2020;17:56;HOMICÍDIO DOLOSO;M;42;SERRA
42303236;12/05/2020;21:18;HOMICÍDIO DOLOSO;M;;SERRA
42305875;13/05/2020;10:12;HOMICÍDIO DOLOSO;M;35;VILA VELHA
42307082;13/05/2020;13:22;HOMICÍDIO DOLOSO;F;null;LINHARES
42308437;13/05/2020;16:38;HOMICÍDIO DOLOSO;M;31;VILA VELHA
42308460;13/05/2020;16:40;HOMICÍDIO DOLOSO;F;24;SERRA
42308460;13/05/2020;16:40;HOMICÍDIO DOLOSO;M;18;SERRA
42310239;13/05/2020;21:27;HOMICÍDIO DOLOSO;M;32;CARIACICA
42315362;14/05/2020;16:57;HOMICÍDIO DOLOSO;M;37;SERRA
42316453;14/05/2020;19:17;HOMICÍDIO DOLOSO;M;21;SERRA
42317727;14/05/2020;22:25;HOMICÍDIO DOLOSO;M;22;SERRA
42317727;14/05/2020;22:25;HOMICÍDIO DOLOSO;F;20;SERRA
42313200;14/05/2020;11:43;HOMICÍDIO DOLOSO;M;31;VITORIA
42318891;15/05/2020;06:45;HOMICÍDIO DOLOSO;M;44;MARECHAL FLORIANO
42337374;17/05/2020;19:36;HOMICÍDIO DOLOSO;M;21;SERRA
42342204;18/05/2020;06:30;HOMICÍDIO DOLOSO;M;43;SAO GABRIEL DA PALH
42344023;18/05/2020;18:01;HOMICÍDIO DOLOSO;M;18;CARIACICA
42351256;19/05/2020;19:31;HOMICÍDIO DOLOSO;M;23;MARATAIZES
42359721;20/05/2020;19:00;HOMICÍDIO DOLOSO;M;33;VILA PAVAO
42358314;20/05/2020;20:06;HOMICÍDIO DOLOSO;M;22;CARIACICA
42354474;20/05/2020;10:46;HOMICÍDIO DOLOSO;F;68;ITAPEMIRIM
42359611;21/05/2020;00:14;HOMICÍDIO DOLOSO;M;20;VIANA
42360585;21/05/2020;08:30;HOMICÍDIO DOLOSO;M;24;CARIACICA
42363863;21/05/2020;16:41;HOMICÍDIO DOLOSO;M;40;CARIACICA
42365419;21/05/2020;20:47;HOMICÍDIO DOLOSO;M;64;CARIACICA
42367620;22/05/2020;09:03;HOMICÍDIO DOLOSO;M;65;AFONSO CLAUDIO
42372735;22/05/2020;17:40;HOMICÍDIO DOLOSO;M;31;AGUIA BRANCA
42372202;22/05/2020;19:45;HOMICÍDIO DOLOSO;M;20;VILA VELHA
42380544;23/05/2020;19:00;HOMICÍDIO DOLOSO;M;29;VILA VALERIO
42382538;24/05/2020;09:17;HOMICÍDIO DOLOSO;M;38;CARIACICA
42384274;24/05/2020;14:42;HOMICÍDIO DOLOSO;M;38;DOMINGOS MARTINS
42385367;24/05/2020;17:35;HOMICÍDIO DOLOSO;M;39;CARIACICA
42386283;24/05/2020;19:47;HOMICÍDIO DOLOSO;M;47;IBATIBA
42394921;25/05/2020;21:00;HOMICÍDIO DOLOSO;M;54;PINHEIROS
42395230;26/05/2020;05:06;HOMICÍDIO DOLOSO;M;19;VITORIA
42401844;27/05/2020;04:07;HOMICÍDIO DOLOSO;M;39;VITORIA
42402076;27/05/2020;07:11;HOMICÍDIO DOLOSO;F;45;VITORIA
42405025;27/05/2020;07:30;HOMICÍDIO DOLOSO;M;33;BARRA DE SAO FRANCI
42408976;28/05/2020;07:45;HOMICÍDIO DOLOSO;M;;SERRA
42409195;28/05/2020;08:37;HOMICÍDIO DOLOSO;F;;CONCEICAO DA BARR
42412305;28/05/2020;16:31;HOMICÍDIO DOLOSO;M;17;CARIACICA
42414946;29/05/2020;00:25;HOMICÍDIO DOLOSO;M;22;SERRA
42414946;29/05/2020;00:25;HOMICÍDIO DOLOSO;M;18;SERRA
42417293;29/05/2020;13:00;HOMICÍDIO DOLOSO;M;20;CARIACICA
42418760;29/05/2020;16:23;HOMICÍDIO DOLOSO;M;;APIACA
42421792;30/05/2020;00:36;HOMICÍDIO DOLOSO;M;21;CONCEICAO DA BARR
42423970;30/05/2020;11:44;HOMICÍDIO DOLOSO;M;;SERRA
42428090;30/05/2020;22:18;HOMICÍDIO DOLOSO;M;28;MUNIZ FREIRE
42430298;31/05/2020;08:52;HOMICÍDIO DOLOSO;M;25;VITORIA
42430462;31/05/2020;09:27;HOMICÍDIO DOLOSO;M;21;CARIACICA
42430462;31/05/2020;09:27;HOMICÍDIO DOLOSO;M;15;CARIACICA
42431419;31/05/2020;12:41;HOMICÍDIO DOLOSO;M;21;CARIACICA
42433416;31/05/2020;18:22;HOMICÍDIO DOLOSO;M;23;SERRA
42435467;01/06/2020;01:04;HOMICÍDIO DOLOSO;M;21;VILA VELHA
42435586;01/06/2020;01:59;HOMICÍDIO DOLOSO;M;27;CACHOEIRO DE ITAPE
42439548;01/06/2020;16:15;HOMICÍDIO DOLOSO;M;20;SERRA
42438377;01/06/2020;13:33;HOMICÍDIO DOLOSO;M;null;ARACRUZ
42444963;02/06/2020;13:05;HOMICÍDIO DOLOSO;M;18;CARIACICA
42446497;02/06/2020;16:29;HOMICÍDIO DOLOSO;M;18;CARIACICA
42455444;04/06/2020;02:12;HOMICÍDIO DOLOSO;M;30;VILA VELHA
42461122;04/06/2020;20:01;HOMICÍDIO DOLOSO;M;17;LINHARES
42460827;04/06/2020;19:14;HOMICÍDIO DOLOSO;M;27;CARIACICA
42463048;05/06/2020;06:01;HOMICÍDIO DOLOSO;M;28;LINHARES
42465437;05/06/2020;13:44;HOMICÍDIO DOLOSO;M;16;VITORIA
42474467;06/06/2020;00:00;HOMICÍDIO DOLOSO;M;25;CACHOEIRO DE ITAPE
42470168;06/06/2020;01:53;HOMICÍDIO DOLOSO;M;29;SAO MATEUS
42470477;06/06/2020;03:10;HOMICÍDIO DOLOSO;M;27;CACHOEIRO DE ITAPE
42474142;06/06/2020;17:08;HOMICÍDIO DOLOSO;M;24;VILA VELHA
42475824;06/06/2020;21:58;HOMICÍDIO DOLOSO;M;30;CACHOEIRO DE ITAPE
42475883;06/06/2020;22:09;HOMICÍDIO DOLOSO;M;36;CONCEICAO DA BARR
42476122;06/06/2020;22:49;HOMICÍDIO DOLOSO;M;25;LINHARES
42477530;07/06/2020;04:37;HOMICÍDIO DOLOSO;M;;CASTELO
42480258;07/06/2020;15:56;HOMICÍDIO DOLOSO;M;23;VIANA
42482597;07/06/2020;22:20;HOMICÍDIO DOLOSO;F;36;CONCEICAO DA BARR
42485593;08/06/2020;11:48;LATROCÍNIO;M;31;SERRA
42493215;09/06/2020;14:12;HOMICÍDIO DOLOSO;M;27;VILA VELHA
42493366;09/06/2020;14:35;HOMICÍDIO DOLOSO;M;32;COLATINA
42495091;09/06/2020;17:40;HOMICÍDIO DOLOSO;M;null;SANTA TERESA
42498961;10/06/2020;10:29;HOMICÍDIO DOLOSO;M;46;AGUIA BRANCA
42504923;11/06/2020;01:29;HOMICÍDIO DOLOSO;M;39;LINHARES
42505066;11/06/2020;02:26;HOMICÍDIO DOLOSO;M;26;VILA VELHA
42508477;11/06/2020;16:37;HOMICÍDIO DOLOSO;M;21;CACHOEIRO DE ITAPE
42510113;11/06/2020;20:10;HOMICÍDIO DOLOSO;M;18;VITORIA
42510614;11/06/2020;21:23;HOMICÍDIO DOLOSO;M;26;SERRA
42508395;11/06/2020;16:32;HOMICÍDIO DOLOSO;M;19;LINHARES
42515264;12/06/2020;16:26;HOMICÍDIO DOLOSO;F;26;VILA VELHA
42519258;13/06/2020;07:12;HOMICÍDIO DOLOSO;F;25;CARIACICA
42521443;13/06/2020;14:50;HOMICÍDIO DOLOSO;F;19;LINHARES
42523047;13/06/2020;18:34;HOMICÍDIO DOLOSO;M;;LINHARES
42523694;13/06/2020;20:10;HOMICÍDIO DOLOSO;M;34;SOORETAMA
42524340;13/06/2020;20:20;HOMICÍDIO DOLOSO;M;27;VILA VALERIO
42526917;14/06/2020;09:28;HOMICÍDIO DOLOSO;M;46;SAO MATEUS
42527663;14/06/2020;11:38;HOMICÍDIO DOLOSO;F;58;IBATIBA
42532051;15/06/2020;01:26;HOMICÍDIO DOLOSO;M;22;GUARAPARI
42533765;15/06/2020;10:41;HOMICÍDIO DOLOSO;F;26;VILA VELHA
42538921;15/06/2020;21:00;HOMICÍDIO DOLOSO;M;16;COLATINA
42538575;15/06/2020;22:33;LESÃO CORPORAL SEGUI;MA DE;ORTE;VITORIA
42540763;16/06/2020;13:20;HOMICÍDIO DOLOSO;M;47;SANTA TERESA
42540854;16/06/2020;11:22;LATROCÍNIO;F;76;VILA VELHA
42557450;18/06/2020;15:31;HOMICÍDIO DOLOSO;M;44;SERRA
42559656;18/06/2020;20:35;HOMICÍDIO DOLOSO;F;32;BARRA DE SAO FRANCI
42563406;19/06/2020;12:46;HOMICÍDIO DOLOSO;M;19;VILA VELHA
42566292;19/06/2020;19:32;HOMICÍDIO DOLOSO;M;33;LINHARES
42566734;19/06/2020;20:53;HOMICÍDIO DOLOSO;M;36;SAO GABRIEL DA PALH
42571935;20/06/2020;15:48;HOMICÍDIO DOLOSO;M;21;CARIACICA
42574121;20/06/2020;21:33;HOMICÍDIO DOLOSO;M;32;CARIACICA
42574121;20/06/2020;21:33;HOMICÍDIO DOLOSO;M;28;CARIACICA
42574698;20/06/2020;23:16;HOMICÍDIO DOLOSO;M;57;VILA VELHA
42575475;21/06/2020;01:56;HOMICÍDIO DOLOSO;M;16;CARIACICA
42575542;21/06/2020;02:11;HOMICÍDIO DOLOSO;M;20;PINHEIROS
42580658;21/06/2020;19:35;HOMICÍDIO DOLOSO;M;21;VARGEM ALTA
42586562;22/06/2020;16:18;HOMICÍDIO DOLOSO;M;54;ITAGUACU
42588594;22/06/2020;20:45;HOMICÍDIO DOLOSO;M;40;GUARAPARI
42598923;24/06/2020;12:52;HOMICÍDIO DOLOSO;F;32;MARECHAL FLORIANO
42599468;24/06/2020;14:16;HOMICÍDIO DOLOSO;M;21;CARIACICA
42602295;24/06/2020;21:13;HOMICÍDIO DOLOSO;M;18;VILA VELHA
42603314;25/06/2020;03:14;HOMICÍDIO DOLOSO;M;16;VITORIA
42607170;25/06/2020;08:00;HOMICÍDIO DOLOSO;M;46;VILA VELHA
42610361;25/06/2020;23:22;HOMICÍDIO DOLOSO;M;18;JAGUARE
42610923;26/06/2020;04:39;HOMICÍDIO DOLOSO;M;23;SERRA
42614575;26/06/2020;16:03;HOMICÍDIO DOLOSO;M;37;PEDRO CANARIO
42619647;27/06/2020;10:33;HOMICÍDIO DOLOSO;M;21;LINHARES
42620870;27/06/2020;14:07;HOMICÍDIO DOLOSO;M;15;JAGUARE
42623411;27/06/2020;20:14;HOMICÍDIO DOLOSO;M;33;SOORETAMA
42626642;28/06/2020;09:01;HOMICÍDIO DOLOSO;M;19;VILA VELHA
42627220;28/06/2020;10:51;HOMICÍDIO DOLOSO;M;35;VILA VELHA
42628383;28/06/2020;15:01;HOMICÍDIO DOLOSO;M;50;LINHARES
42629122;28/06/2020;17:04;HOMICÍDIO DOLOSO;M;42;VILA VELHA
42629670;28/06/2020;18:12;HOMICÍDIO DOLOSO;M;19;CARIACICA
42631850;28/06/2020;20:35;HOMICÍDIO DOLOSO;M;45;PINHEIROS
42631719;29/06/2020;01:08;HOMICÍDIO DOLOSO;M;null;SERRA
42634157;29/06/2020;12:49;HOMICÍDIO DOLOSO;M;39;SERRA
42636282;29/06/2020;17:46;HOMICÍDIO DOLOSO;M;26;SAO MATEUS
42636505;29/06/2020;19:13;LATROCÍNIO;M;72;MIMOSO DO SUL
42643029;30/06/2020;18:12;HOMICÍDIO DOLOSO;M;30;VILA VELHA
42643926;30/06/2020;20:34;HOMICÍDIO DOLOSO;M;27;VILA VELHA
42643926;30/06/2020;20:34;HOMICÍDIO DOLOSO;F;23;VILA VELHA
42650524;01/07/2020;19:50;HOMICÍDIO DOLOSO;M;20;VILA VELHA
42651484;01/07/2020;22:31;HOMICÍDIO DOLOSO;M;17;VILA VELHA
42653441;02/07/2020;09:53;HOMICÍDIO DOLOSO;M;32;GUARAPARI
42659985;03/07/2020;09:43;HOMICÍDIO DOLOSO;M;20;GUARAPARI
42660754;03/07/2020;11:22;HOMICÍDIO DOLOSO;M;18;BREJETUBA
42667295;04/07/2020;09:32;HOMICÍDIO DOLOSO;F;18;CARIACICA
42670499;04/07/2020;17:43;HOMICÍDIO DOLOSO;M;25;VILA VELHA
42672523;04/07/2020;18:00;HOMICÍDIO DOLOSO;M;59;BARRA DE SAO FRANCI
42673576;05/07/2020;01:20;HOMICÍDIO DOLOSO;M;31;NOVA VENECIA
42674373;05/07/2020;08:27;HOMICÍDIO DOLOSO;M;23;VIANA
42678957;05/07/2020;22:56;HOMICÍDIO DOLOSO;M;38;VITORIA
42680660;06/07/2020;10:09;HOMICÍDIO DOLOSO;M;20;SERRA
42685368;06/07/2020;21:02;HOMICÍDIO DOLOSO;M;43;CARIACICA
42686749;07/07/2020;00:00;HOMICÍDIO DOLOSO;M;43;SOORETAMA
42689967;07/07/2020;15:49;HOMICÍDIO DOLOSO;M;24;SERRA
42690724;07/07/2020;17:31;HOMICÍDIO DOLOSO;M;43;VILA VELHA
42692649;07/07/2020;23:06;HOMICÍDIO DOLOSO;M;24;CARIACICA
42698155;08/07/2020;18:44;HOMICÍDIO DOLOSO;M;28;JAGUARE
42699423;08/07/2020;22:43;HOMICÍDIO DOLOSO;M;33;LINHARES
42693767;08/07/2020;08:33;LATROCÍNIO;M;36;CARIACICA
42701566;09/07/2020;10:47;HOMICÍDIO DOLOSO;M;null;CARIACICA
42712809;10/07/2020;20:35;HOMICÍDIO DOLOSO;F;28;PEDRO CANARIO
42716551;11/07/2020;11:50;HOMICÍDIO DOLOSO;M;62;IRUPI
42718391;11/07/2020;16:55;HOMICÍDIO DOLOSO;M;22;VILA VELHA
42720531;11/07/2020;22:01;HOMICÍDIO DOLOSO;F;22;DOMINGOS MARTINS
42722598;12/07/2020;02:10;HOMICÍDIO DOLOSO;M;25;PINHEIROS
42722667;12/07/2020;07:09;HOMICÍDIO DOLOSO;M;28;SAO MATEUS
42722929;12/07/2020;08:54;HOMICÍDIO DOLOSO;M;23;VILA VELHA
42734501;13/07/2020;21:23;HOMICÍDIO DOLOSO;M;47;CARIACICA
42735585;14/07/2020;02:37;HOMICÍDIO DOLOSO;M;44;PIUMA
42747414;14/07/2020;21:00;HOMICÍDIO DOLOSO;M;34;VILA VELHA
42741029;14/07/2020;19:09;HOMICÍDIO DOLOSO;M;;IBITIRAMA
42744005;15/07/2020;09:36;HOMICÍDIO DOLOSO;F;34;BOA ESPERANCA
42762746;18/07/2020;21:33;HOMICÍDIO DOLOSO;M;25;GUARAPARI
42764707;18/07/2020;06:28;HOMICÍDIO DOLOSO;M;;CARIACICA
42764707;18/07/2020;06:28;HOMICÍDIO DOLOSO;M;22;CARIACICA
42765970;18/07/2020;11:59;HOMICÍDIO DOLOSO;M;31;JAGUARE
42766101;18/07/2020;12:24;HOMICÍDIO DOLOSO;M;;MARATAIZES
42771671;19/07/2020;04:43;HOMICÍDIO DOLOSO;M;40;VITORIA
42772128;19/07/2020;08:34;HOMICÍDIO DOLOSO;M;36;VITORIA
42774163;19/07/2020;09:00;HOMICÍDIO DOLOSO;M;22;ECOPORANGA
42780032;20/07/2020;13:15;HOMICÍDIO DOLOSO;M;;CARIACICA
42780330;20/07/2020;13:51;HOMICÍDIO DOLOSO;M;18;SERRA
42780896;20/07/2020;15:00;HOMICÍDIO DOLOSO;M;36;VILA VELHA
42782659;20/07/2020;18:45;HOMICÍDIO DOLOSO;M;20;VITORIA
42782659;20/07/2020;18:45;HOMICÍDIO DOLOSO;F;17;VITORIA
42791362;21/07/2020;20:30;HOMICÍDIO DOLOSO;M;21;MANTENOPOLIS
42790858;21/07/2020;21:51;HOMICÍDIO DOLOSO;M;23;CARIACICA
42787652;21/07/2020;14:29;LESÃO CORPORAL SEGUI;FA DE;5O2RTE;JAGUARE
42798310;22/07/2020;23:39;HOMICÍDIO DOLOSO;M;16;SAO GABRIEL DA PALH
42799094;23/07/2020;06:40;HOMICÍDIO DOLOSO;M;19;ARACRUZ
42803416;23/07/2020;18:03;HOMICÍDIO DOLOSO;M;56;CARIACICA
42799205;23/07/2020;07:56;LESÃO CORPORAL SEGUI;MA DE;3O6RTE;VITORIA
42806366;24/07/2020;08:15;HOMICÍDIO DOLOSO;M;23;CARIACICA
42809331;24/07/2020;16:03;HOMICÍDIO DOLOSO;M;;GUARAPARI
42810925;24/07/2020;18:45;HOMICÍDIO DOLOSO;M;49;BAIXO GUANDU
42812070;24/07/2020;19:20;HOMICÍDIO DOLOSO;M;38;BOA ESPERANCA
42806366;24/07/2020;08:15;HOMICÍDIO DOLOSO;M;21;CARIACICA
42812484;25/07/2020;00:13;HOMICÍDIO DOLOSO;M;43;AFONSO CLAUDIO
42812738;25/07/2020;01:09;HOMICÍDIO DOLOSO;M;;VITORIA
42812870;25/07/2020;01:38;HOMICÍDIO DOLOSO;M;49;VILA VELHA
42814028;25/07/2020;08:37;HOMICÍDIO DOLOSO;M;16;SERRA
42814437;25/07/2020;09:43;HOMICÍDIO DOLOSO;M;42;VILA VELHA
42815848;25/07/2020;13:50;HOMICÍDIO DOLOSO;M;24;ECOPORANGA
42815848;25/07/2020;13:50;HOMICÍDIO DOLOSO;M;25;ECOPORANGA
42758661;27/07/2020;12:43;HOMICÍDIO DOLOSO;M;40;VILA VELHA
42837927;28/07/2020;16:21;HOMICÍDIO DOLOSO;F;29;VILA VELHA
42839696;28/07/2020;20:46;HOMICÍDIO DOLOSO;M;40;CONCEICAO DA BARR
42841007;29/07/2020;06:04;HOMICÍDIO DOLOSO;M;41;SERRA
42849855;30/07/2020;11:23;HOMICÍDIO DOLOSO;M;21;VILA VELHA
42851101;30/07/2020;14:21;HOMICÍDIO DOLOSO;M;51;VILA VELHA
42853605;30/07/2020;19:00;HOMICÍDIO DOLOSO;M;27;BARRA DE SAO FRANCI
42854160;30/07/2020;22:15;HOMICÍDIO DOLOSO;M;21;SAO MATEUS
42579123;30/07/2020;16:11;HOMICÍDIO DOLOSO;M;null;SERRA
42868613;01/08/2020;20:57;HOMICÍDIO DOLOSO;M;null;VILA VALERIO
42869345;01/08/2020;23:43;HOMICÍDIO DOLOSO;M;26;CACHOEIRO DE ITAPE
42869560;02/08/2020;00:11;HOMICÍDIO DOLOSO;M;28;ICONHA
42873823;02/08/2020;16:56;HOMICÍDIO DOLOSO;M;36;VILA VELHA
42873913;02/08/2020;17:08;HOMICÍDIO DOLOSO;M;18;CONCEICAO DA BARR
42876114;02/08/2020;23:01;HOMICÍDIO DOLOSO;M;39;SERRA
42883424;03/08/2020;23:54;HOMICÍDIO DOLOSO;M;23;SERRA
42887364;04/08/2020;16:14;HOMICÍDIO DOLOSO;M;21;CONCEICAO DA BARR
42888763;04/08/2020;19:48;HOMICÍDIO DOLOSO;M;41;VILA VELHA
42895058;05/08/2020;18:57;HOMICÍDIO DOLOSO;M;;CACHOEIRO DE ITAPE
42910228;07/08/2020;22:25;HOMICÍDIO DOLOSO;M;22;SAO GABRIEL DA PALH
42911975;08/08/2020;07:01;HOMICÍDIO DOLOSO;F;;VIANA
42918771;09/08/2020;01:32;HOMICÍDIO DOLOSO;M;23;SERRA
42921556;09/08/2020;14:22;HOMICÍDIO DOLOSO;F;20;IBATIBA
42923111;09/08/2020;18:23;HOMICÍDIO DOLOSO;M;;VILA VELHA
42924376;09/08/2020;21:29;HOMICÍDIO DOLOSO;M;23;VITORIA
42925108;09/08/2020;23:26;HOMICÍDIO DOLOSO;M;34;VILA VELHA
42933093;10/08/2020;21:36;HOMICÍDIO DOLOSO;M;22;CARIACICA
42940973;11/08/2020;00:00;HOMICÍDIO DOLOSO;M;28;ARACRUZ
42940973;11/08/2020;00:00;HOMICÍDIO DOLOSO;M;17;ARACRUZ
42935489;11/08/2020;10:39;HOMICÍDIO DOLOSO;M;16;MANTENOPOLIS
42938801;11/08/2020;17:39;HOMICÍDIO DOLOSO;M;32;CARIACICA
42940196;11/08/2020;17:10;LESÃO CORPORAL SEGUI;MA DE;4O7RTE;ARACRUZ
42943913;12/08/2020;13:55;HOMICÍDIO DOLOSO;M;17;CARIACICA
42948427;13/08/2020;02:57;HOMICÍDIO DOLOSO;M;43;CARIACICA
42954404;13/08/2020;20:53;HOMICÍDIO DOLOSO;M;26;SOORETAMA
42954818;13/08/2020;22:19;HOMICÍDIO DOLOSO;M;41;SANTA MARIA DE JETIB
42963985;15/08/2020;05:38;HOMICÍDIO DOLOSO;M;24;VITORIA
42964481;15/08/2020;08:45;HOMICÍDIO DOLOSO;M;16;NOVA VENECIA
42966373;15/08/2020;14:21;HOMICÍDIO DOLOSO;M;36;SERRA
42967504;15/08/2020;16:57;HOMICÍDIO DOLOSO;M;25;VITORIA
42971016;16/08/2020;02:10;HOMICÍDIO DOLOSO;F;25;SERRA
42977204;16/08/2020;20:30;HOMICÍDIO DOLOSO;M;19;SERRA
42978221;17/08/2020;07:04;HOMICÍDIO DOLOSO;F;36;SERRA
42980375;17/08/2020;12:31;HOMICÍDIO DOLOSO;M;19;CARIACICA
42986494;18/08/2020;09:54;HOMICÍDIO DOLOSO;M;46;ANCHIETA
42991911;19/08/2020;00:50;HOMICÍDIO DOLOSO;M;41;CONCEICAO DA BARR
42991911;19/08/2020;00:50;HOMICÍDIO DOLOSO;F;49;CONCEICAO DA BARR
42991911;19/08/2020;00:50;HOMICÍDIO DOLOSO;M;53;CONCEICAO DA BARR
42954606;19/08/2020;22:45;HOMICÍDIO DOLOSO;M;15;VILA VELHA
42999127;20/08/2020;02:44;HOMICÍDIO DOLOSO;M;28;MARATAIZES
42999147;20/08/2020;02:58;HOMICÍDIO DOLOSO;M;23;CARIACICA
43004969;20/08/2020;21:15;HOMICÍDIO DOLOSO;M;21;CARIACICA
42999276;21/08/2020;05:05;HOMICÍDIO DOLOSO;M;30;VITORIA
43011117;21/08/2020;18:38;HOMICÍDIO DOLOSO;M;32;ANCHIETA
43013899;22/08/2020;03:44;HOMICÍDIO DOLOSO;M;;LINHARES
43016437;22/08/2020;15:19;HOMICÍDIO DOLOSO;M;21;SERRA
43018510;22/08/2020;22:02;HOMICÍDIO DOLOSO;M;;CACHOEIRO DE ITAPE
43015356;22/08/2020;11:25;HOMICÍDIO DOLOSO;M;41;NOVA VENECIA
43020266;23/08/2020;07:16;HOMICÍDIO DOLOSO;M;25;SANTA MARIA DE JETIB
43020418;23/08/2020;08:27;HOMICÍDIO DOLOSO;M;32;CARIACICA
43021036;23/08/2020;10:54;HOMICÍDIO DOLOSO;M;62;GUARAPARI
43021272;23/08/2020;11:42;HOMICÍDIO DOLOSO;M;21;ARACRUZ
43022392;23/08/2020;15:36;HOMICÍDIO DOLOSO;M;;SERRA
43023134;23/08/2020;17:52;HOMICÍDIO DOLOSO;M;25;VILA VELHA
43023192;23/08/2020;18:00;HOMICÍDIO DOLOSO;M;24;CARIACICA
43023329;23/08/2020;18:20;HOMICÍDIO DOLOSO;M;25;ARACRUZ
43023873;23/08/2020;19:53;HOMICÍDIO DOLOSO;M;21;CARIACICA
43024869;23/08/2020;22:35;HOMICÍDIO DOLOSO;M;23;SAO MATEUS
43022523;23/08/2020;16:02;HOMICÍDIO DOLOSO;F;;SERRA
43032069;24/08/2020;22:14;HOMICÍDIO DOLOSO;M;;VITORIA
43038735;25/08/2020;18:35;HOMICÍDIO DOLOSO;M;29;COLATINA
43044280;26/08/2020;18:31;HOMICÍDIO DOLOSO;M;33;GUARAPARI
43044528;26/08/2020;19:11;HOMICÍDIO DOLOSO;M;43;ARACRUZ
43031198;26/08/2020;19:30;HOMICÍDIO DOLOSO;F;null;CARIACICA
43052745;28/08/2020;00:02;HOMICÍDIO DOLOSO;M;34;FUNDAO
43056224;28/08/2020;15:05;HOMICÍDIO DOLOSO;M;24;LINHARES
43065350;29/08/2020;00:00;HOMICÍDIO DOLOSO;M;26;LINHARES
43066568;29/08/2020;23:15;HOMICÍDIO DOLOSO;M;19;LINHARES
43068621;30/08/2020;06:20;HOMICÍDIO DOLOSO;M;23;LINHARES
43069586;30/08/2020;10:49;HOMICÍDIO DOLOSO;M;41;VILA VELHA
43071264;30/08/2020;16:22;HOMICÍDIO DOLOSO;M;;MIMOSO DO SUL
43076543;31/08/2020;11:29;HOMICÍDIO DOLOSO;M;21;SERRA
43081172;31/08/2020;00:32;HOMICÍDIO DOLOSO;M;20;SAO MATEUS
43083757;01/09/2020;06:30;HOMICÍDIO DOLOSO;M;29;ECOPORANGA
43082862;01/09/2020;10:34;HOMICÍDIO DOLOSO;M;18;CARIACICA
43087057;01/09/2020;20:06;HOMICÍDIO DOLOSO;M;27;SERRA
43088485;01/09/2020;22:15;HOMICÍDIO DOLOSO;M;37;VILA PAVAO
43082609;01/09/2020;10:04;LATROCÍNIO;M;65;PEDRO CANARIO
43088808;02/09/2020;05:45;HOMICÍDIO DOLOSO;F;21;BAIXO GUANDU
43094802;02/09/2020;22:48;HOMICÍDIO DOLOSO;M;40;BREJETUBA
43095086;02/09/2020;21:58;HOMICÍDIO DOLOSO;M;17;VILA VELHA
43081383;02/09/2020;01:49;LESÃO CORPORAL SEGUI;MA DE;1O7RTE;VITORIA
43096997;03/09/2020;09:39;HOMICÍDIO DOLOSO;M;60;CACHOEIRO DE ITAPE
43098264;03/09/2020;09:50;HOMICÍDIO DOLOSO;M;28;PINHEIROS
43099470;03/09/2020;15:12;HOMICÍDIO DOLOSO;F;25;SANTA LEOPOLDINA
43102376;03/09/2020;22:07;HOMICÍDIO DOLOSO;M;17;ARACRUZ
43102398;03/09/2020;22:11;HOMICÍDIO DOLOSO;M;19;SAO MATEUS
43087128;03/09/2020;20:24;HOMICÍDIO DOLOSO;M;29;VITORIA
43101486;03/09/2020;19:28;HOMICÍDIO DOLOSO;M;17;SERRA
43105895;04/09/2020;13:25;HOMICÍDIO DOLOSO;M;23;LINHARES
43113925;05/09/2020;12:22;HOMICÍDIO DOLOSO;M;26;CARIACICA
43115395;05/09/2020;16:03;HOMICÍDIO DOLOSO;M;42;JAGUARE
43116599;05/09/2020;18:59;HOMICÍDIO DOLOSO;M;34;IRUPI
43116798;05/09/2020;19:32;HOMICÍDIO DOLOSO;M;17;CARIACICA
43117312;05/09/2020;19:40;HOMICÍDIO DOLOSO;M;34;AGUA DOCE DO NORT
43117147;05/09/2020;20:25;HOMICÍDIO DOLOSO;M;23;VILA VELHA
43122330;06/09/2020;14:16;HOMICÍDIO DOLOSO;M;20;SERRA
43123321;06/09/2020;16:42;HOMICÍDIO DOLOSO;M;44;CARIACICA
43122024;06/09/2020;13:18;HOMICÍDIO DOLOSO;M;53;VILA VELHA
43118984;06/09/2020;00:58;HOMICÍDIO DOLOSO;M;14;SAO MATEUS
43127005;07/09/2020;07:06;HOMICÍDIO DOLOSO;M;51;BREJETUBA
43128967;07/09/2020;14:20;HOMICÍDIO DOLOSO;M;18;VILA VELHA
43130792;07/09/2020;18:45;HOMICÍDIO DOLOSO;M;17;CARIACICA
43131788;07/09/2020;21:23;HOMICÍDIO DOLOSO;M;24;GUARAPARI
43133115;08/09/2020;02:54;HOMICÍDIO DOLOSO;M;17;SOORETAMA
43135167;08/09/2020;07:20;HOMICÍDIO DOLOSO;M;25;SAO GABRIEL DA PALH
43138721;08/09/2020;18:39;HOMICÍDIO DOLOSO;M;22;BREJETUBA
43139534;08/09/2020;19:20;HOMICÍDIO DOLOSO;F;28;BAIXO GUANDU
43140002;08/09/2020;21:58;HOMICÍDIO DOLOSO;M;24;CARIACICA
43138374;08/09/2020;00:00;HOMICÍDIO DOLOSO;M;31;SAO MATEUS
43134753;08/09/2020;10:27;LATROCÍNIO;M;66;SERRA
43148077;09/09/2020;21:20;HOMICÍDIO DOLOSO;M;64;PANCAS
43147934;10/09/2020;00:22;HOMICÍDIO DOLOSO;F;17;VITORIA
43148169;10/09/2020;02:11;HOMICÍDIO DOLOSO;M;;AFONSO CLAUDIO
43148709;10/09/2020;07:59;HOMICÍDIO DOLOSO;M;47;BREJETUBA
43155025;10/09/2020;22:33;HOMICÍDIO DOLOSO;F;40;SERRA
43155819;11/09/2020;04:49;HOMICÍDIO DOLOSO;M;26;SERRA
43158201;11/09/2020;12:30;HOMICÍDIO DOLOSO;F;;PINHEIROS
43160667;11/09/2020;13:40;LATROCÍNIO;M;null;COLATINA
43161487;11/09/2020;19:16;LESÃO CORPORAL SEGUI;M;6O2RTE;COLATINA
43166390;12/09/2020;13:00;HOMICÍDIO DOLOSO;M;18;VILA VELHA
43166390;12/09/2020;13:00;HOMICÍDIO DOLOSO;M;17;VILA VELHA
43169349;12/09/2020;19:37;HOMICÍDIO DOLOSO;M;49;FUNDAO
43169701;12/09/2020;20:36;HOMICÍDIO DOLOSO;M;54;CARIACICA
43171620;13/09/2020;01:42;HOMICÍDIO DOLOSO;M;24;VIANA
43171849;13/09/2020;02:28;HOMICÍDIO DOLOSO;M;28;SERRA
43184335;14/09/2020;20:20;HOMICÍDIO DOLOSO;M;33;CARIACICA
43184691;14/09/2020;21:19;HOMICÍDIO DOLOSO;M;23;CACHOEIRO DE ITAPE
43179842;14/09/2020;10:24;LATROCÍNIO;M;61;SERRA
43178433;14/09/2020;06:23;LESÃO CORPORAL SEGUI;M;5O6RTE;SERRA
43188960;15/09/2020;13:58;HOMICÍDIO DOLOSO;M;27;VILA VELHA
43189916;15/09/2020;15:46;HOMICÍDIO DOLOSO;M;;LINHARES
43195602;16/09/2020;12:11;HOMICÍDIO DOLOSO;M;38;VENDA NOVA DO IMIG
43196080;16/09/2020;13:16;HOMICÍDIO DOLOSO;M;19;VILA VELHA
43199872;16/09/2020;22:03;HOMICÍDIO DOLOSO;M;23;SERRA
43203427;17/09/2020;13:25;HOMICÍDIO DOLOSO;M;22;PEDRO CANARIO
43208053;17/09/2020;18:40;HOMICÍDIO DOLOSO;M;32;VILA PAVAO
43207032;17/09/2020;20:59;HOMICÍDIO DOLOSO;M;null;SOORETAMA
43213838;18/09/2020;10:05;HOMICÍDIO DOLOSO;M;18;ITAPEMIRIM
43216281;19/09/2020;03:25;HOMICÍDIO DOLOSO;M;19;SERRA
43216310;19/09/2020;03:37;HOMICÍDIO DOLOSO;M;22;CARIACICA
43216379;19/09/2020;04:09;HOMICÍDIO DOLOSO;M;null;PEDRO CANARIO
43217427;19/09/2020;10:03;HOMICÍDIO DOLOSO;M;42;CONCEICAO DO CAST
43218156;19/09/2020;11:55;HOMICÍDIO DOLOSO;M;38;SAO MATEUS
43223679;19/09/2020;20:15;HOMICÍDIO DOLOSO;M;46;ALTO RIO NOVO
43222047;19/09/2020;21:00;HOMICÍDIO DOLOSO;M;21;SERRA
43225434;20/09/2020;09:34;HOMICÍDIO DOLOSO;F;69;VILA VELHA
43229630;20/09/2020;21:46;HOMICÍDIO DOLOSO;M;44;VIANA
43229965;20/09/2020;22:40;HOMICÍDIO DOLOSO;M;22;SERRA
43228284;20/09/2020;18:02;LATROCÍNIO;M;21;SERRA
43228284;20/09/2020;18:02;LATROCÍNIO;M;25;SERRA
43230845;21/09/2020;04:32;HOMICÍDIO DOLOSO;M;26;VILA VELHA
43239153;22/09/2020;09:18;HOMICÍDIO DOLOSO;M;37;JAGUARE
43241010;22/09/2020;13:04;HOMICÍDIO DOLOSO;M;22;VITORIA
43242109;22/09/2020;15:28;HOMICÍDIO DOLOSO;M;38;CARIACICA
43238522;22/09/2020;07:20;HOMICÍDIO DOLOSO;M;22;IBITIRAMA
43241091;22/09/2020;13:16;LATROCÍNIO;M;53;GUACUI
43253483;24/09/2020;10:29;HOMICÍDIO DOLOSO;M;;CARIACICA
43253990;24/09/2020;11:29;HOMICÍDIO DOLOSO;M;21;CARIACICA
43267584;26/09/2020;00:46;HOMICÍDIO DOLOSO;M;37;CACHOEIRO DE ITAPE
43274553;26/09/2020;19:15;HOMICÍDIO DOLOSO;M;49;BAIXO GUANDU
43273099;26/09/2020;19:29;HOMICÍDIO DOLOSO;M;49;IBATIBA
43273260;26/09/2020;19:50;HOMICÍDIO DOLOSO;M;20;CARIACICA
43274118;26/09/2020;22:02;HOMICÍDIO DOLOSO;M;31;LINHARES
43267958;26/09/2020;02:08;LATROCÍNIO;M;37;CONCEICAO DA BARR
43275576;27/09/2020;02:33;HOMICÍDIO DOLOSO;M;31;CARIACICA
43279264;27/09/2020;17:00;HOMICÍDIO DOLOSO;M;38;CACHOEIRO DE ITAPE
43280647;27/09/2020;20:08;HOMICÍDIO DOLOSO;M;36;MUQUI
43275031;27/09/2020;00:33;LATROCÍNIO;M;21;CONCEICAO DA BARR
43283104;28/09/2020;08:15;HOMICÍDIO DOLOSO;M;26;VILA VELHA
43284235;28/09/2020;10:35;HOMICÍDIO DOLOSO;M;18;CACHOEIRO DE ITAPE
43286555;28/09/2020;15:17;HOMICÍDIO DOLOSO;M;18;VILA VELHA
43287320;28/09/2020;16:39;HOMICÍDIO DOLOSO;M;19;VITORIA
43287320;28/09/2020;16:39;HOMICÍDIO DOLOSO;M;18;VITORIA
43287320;28/09/2020;16:39;HOMICÍDIO DOLOSO;M;29;VITORIA
43287320;28/09/2020;16:39;HOMICÍDIO DOLOSO;M;23;VITORIA
43288928;28/09/2020;20:26;HOMICÍDIO DOLOSO;M;19;JAGUARE
43283027;28/09/2020;07:58;HOMICÍDIO DOLOSO;M;60;BREJETUBA
43290245;29/09/2020;01:09;HOMICÍDIO DOLOSO;M;17;VITORIA
43002782;29/09/2020;15:24;HOMICÍDIO DOLOSO;M;39;NOVA VENECIA
43289814;29/09/2020;22:55;LATROCÍNIO;M;34;CARIACICA
43312075;01/10/2020;18:15;HOMICÍDIO DOLOSO;M;null;BAIXO GUANDU
43312571;01/10/2020;18:40;HOMICÍDIO DOLOSO;M;44;ECOPORANGA
43310684;01/10/2020;18:53;HOMICÍDIO DOLOSO;M;23;ATILIO VIVACQUA
43313797;02/10/2020;09:32;HOMICÍDIO DOLOSO;M;50;SERRA
43316651;02/10/2020;15:31;HOMICÍDIO DOLOSO;M;37;CARIACICA
43317328;02/10/2020;16:53;HOMICÍDIO DOLOSO;M;22;CACHOEIRO DE ITAPE
43319682;02/10/2020;22:11;HOMICÍDIO DOLOSO;M;16;VILA VELHA
43296192;02/10/2020;19:57;HOMICÍDIO DOLOSO;M;18;ARACRUZ
43319682;03/10/2020;22:11;HOMICÍDIO DOLOSO;M;16;VILA VELHA
43321184;03/10/2020;03:41;HOMICÍDIO DOLOSO;M;20;VITORIA
43321362;03/10/2020;05:08;HOMICÍDIO DOLOSO;M;28;SERRA
43328617;04/10/2020;00:54;HOMICÍDIO DOLOSO;M;26;PIUMA
43328765;04/10/2020;01:26;HOMICÍDIO DOLOSO;M;29;ALEGRE
43331041;04/10/2020;12:40;HOMICÍDIO DOLOSO;M;17;CARIACICA
43332040;04/10/2020;15:56;HOMICÍDIO DOLOSO;M;35;GUARAPARI
43332341;04/10/2020;16:43;HOMICÍDIO DOLOSO;M;39;VITORIA
43332341;04/10/2020;16:43;HOMICÍDIO DOLOSO;M;23;VITORIA
43332421;04/10/2020;16:54;HOMICÍDIO DOLOSO;M;21;SERRA
43336821;05/10/2020;09:45;HOMICÍDIO DOLOSO;M;34;JAGUARE
43336049;05/10/2020;07:47;HOMICÍDIO DOLOSO;M;37;MARILANDIA
43340293;05/10/2020;15:30;HOMICÍDIO DOLOSO;F;36;ALTO RIO NOVO
43349043;06/10/2020;20:58;HOMICÍDIO DOLOSO;M;27;VILA VELHA
43356640;07/10/2020;00:00;HOMICÍDIO DOLOSO;M;64;LINHARES
43350503;07/10/2020;05:48;HOMICÍDIO DOLOSO;M;34;CARIACICA
43359890;08/10/2020;12:41;HOMICÍDIO DOLOSO;M;22;CARIACICA
43360704;08/10/2020;14:26;HOMICÍDIO DOLOSO;F;26;LINHARES
43363292;08/10/2020;20:27;HOMICÍDIO DOLOSO;M;19;LINHARES
43364293;08/10/2020;23:57;HOMICÍDIO DOLOSO;M;56;VILA VELHA
43369855;09/10/2020;18:03;HOMICÍDIO DOLOSO;M;32;CARIACICA
43372263;10/10/2020;00:08;HOMICÍDIO DOLOSO;M;24;SOORETAMA
43372952;10/10/2020;03:37;HOMICÍDIO DOLOSO;M;44;PEDRO CANARIO
43375560;10/10/2020;14:01;HOMICÍDIO DOLOSO;F;50;JAGUARE
43375885;10/10/2020;15:01;HOMICÍDIO DOLOSO;M;30;SERRA
43376382;10/10/2020;16:16;HOMICÍDIO DOLOSO;M;54;GUARAPARI
43381854;11/10/2020;10:37;HOMICÍDIO DOLOSO;M;27;CARIACICA
43382139;11/10/2020;11:00;HOMICÍDIO DOLOSO;M;26;SAO ROQUE DO CANA
43384336;11/10/2020;18:08;HOMICÍDIO DOLOSO;M;37;VITORIA
43385332;11/10/2020;20:42;HOMICÍDIO DOLOSO;M;51;JAGUARE
43387068;12/10/2020;03:03;HOMICÍDIO DOLOSO;M;;SAO MATEUS
43388582;12/10/2020;11:40;HOMICÍDIO DOLOSO;M;31;CACHOEIRO DE ITAPE
43391048;12/10/2020;18:54;HOMICÍDIO DOLOSO;M;58;BREJETUBA
43391130;12/10/2020;19:06;LESÃO CORPORAL SEGUI;MA DE;ORTE;VITORIA
43395350;13/10/2020;13:04;HOMICÍDIO DOLOSO;M;31;VILA VELHA
43396928;13/10/2020;16:08;HOMICÍDIO DOLOSO;F;35;LINHARES
43397376;13/10/2020;17:07;HOMICÍDIO DOLOSO;M;17;CARIACICA
43406127;14/10/2020;20:19;HOMICÍDIO DOLOSO;M;23;CARIACICA
43406587;14/10/2020;21:39;HOMICÍDIO DOLOSO;M;16;SERRA
43407037;14/10/2020;22:57;HOMICÍDIO DOLOSO;M;83;JAGUARE
43407341;15/10/2020;00:10;HOMICÍDIO DOLOSO;M;;VILA VELHA
43407700;15/10/2020;02:55;HOMICÍDIO DOLOSO;M;36;CACHOEIRO DE ITAPE
43407786;15/10/2020;04:00;HOMICÍDIO DOLOSO;M;21;LINHARES
43411635;15/10/2020;16:01;HOMICÍDIO DOLOSO;M;42;CONCEICAO DA BARR
43413671;15/10/2020;21:09;HOMICÍDIO DOLOSO;M;21;VILA VELHA
43418995;16/10/2020;15:40;HOMICÍDIO DOLOSO;M;57;VILA VALERIO
43420708;16/10/2020;21:14;HOMICÍDIO DOLOSO;M;21;SERRA
43420708;16/10/2020;21:14;HOMICÍDIO DOLOSO;M;21;SERRA
43420829;16/10/2020;21:40;HOMICÍDIO DOLOSO;M;26;ICONHA
43433058;17/10/2020;17:12;HOMICÍDIO DOLOSO;M;15;PEDRO CANARIO
43433058;17/10/2020;17:12;HOMICÍDIO DOLOSO;M;13;PEDRO CANARIO
43433058;17/10/2020;17:12;HOMICÍDIO DOLOSO;M;15;PEDRO CANARIO
43433569;17/10/2020;18:49;HOMICÍDIO DOLOSO;M;26;SERRA
43364571;17/10/2020;22:35;HOMICÍDIO DOLOSO;F;44;VILA VALERIO
43423611;17/10/2020;10:51;HOMICÍDIO DOLOSO;M;26;PEDRO CANARIO
43426847;17/10/2020;19:58;HOMICÍDIO DOLOSO;M;41;SAO MATEUS
43438315;19/10/2020;06:50;HOMICÍDIO DOLOSO;M;24;ECOPORANGA
43440806;19/10/2020;18:13;HOMICÍDIO DOLOSO;F;null;SERRA
43442871;20/10/2020;01:01;HOMICÍDIO DOLOSO;M;26;VILA VELHA
43449048;20/10/2020;21:16;HOMICÍDIO DOLOSO;M;32;SERRA
43443782;20/10/2020;09:11;LATROCÍNIO;M;47;SERRA
43450342;21/10/2020;07:10;HOMICÍDIO DOLOSO;M;45;CARIACICA
43455824;21/10/2020;20:18;HOMICÍDIO DOLOSO;M;20;CARIACICA
43456888;21/10/2020;23:49;HOMICÍDIO DOLOSO;F;24;VILA VELHA
43458866;22/10/2020;10:37;HOMICÍDIO DOLOSO;M;53;SERRA
43459740;22/10/2020;12:43;HOMICÍDIO DOLOSO;M;28;CARIACICA
43373094;22/10/2020;03:00;HOMICÍDIO DOLOSO;M;22;SAO GABRIEL DA PALH
43437739;22/10/2020;11:39;HOMICÍDIO DOLOSO;M;21;LINHARES
43472670;22/10/2020;06:01;LESÃO CORPORAL SEGUI;MA DE;nOuRllTE;RIO BANANAL
43472390;24/10/2020;03:21;HOMICÍDIO DOLOSO;M;26;IBIRACU
43472927;24/10/2020;08:07;HOMICÍDIO DOLOSO;M;;LINHARES
43470852;24/10/2020;21:26;LATROCÍNIO;M;53;SERRA
43479664;25/10/2020;08:20;HOMICÍDIO DOLOSO;F;25;CARIACICA
43479664;25/10/2020;08:20;HOMICÍDIO DOLOSO;M;22;CARIACICA
43481249;25/10/2020;14:02;HOMICÍDIO DOLOSO;M;15;CARIACICA
43485477;26/10/2020;06:28;HOMICÍDIO DOLOSO;M;39;RIO NOVO DO SUL
43506600;28/10/2020;20:15;HOMICÍDIO DOLOSO;M;38;COLATINA
43505775;28/10/2020;21:56;HOMICÍDIO DOLOSO;M;8;SAO MATEUS
43509706;29/10/2020;13:10;HOMICÍDIO DOLOSO;M;30;VILA VELHA
43509706;29/10/2020;13:10;HOMICÍDIO DOLOSO;M;59;VILA VELHA
43514616;30/10/2020;02:26;HOMICÍDIO DOLOSO;M;17;AFONSO CLAUDIO
43515396;30/10/2020;08:42;HOMICÍDIO DOLOSO;M;24;GUARAPARI
43516199;30/10/2020;10:38;HOMICÍDIO DOLOSO;M;26;SERRA
43520528;30/10/2020;20:06;HOMICÍDIO DOLOSO;M;26;CARIACICA
43522828;31/10/2020;05:06;HOMICÍDIO DOLOSO;F;20;VITORIA
43532684;01/11/2020;14:50;HOMICÍDIO DOLOSO;M;28;ARACRUZ
43534167;01/11/2020;18:00;HOMICÍDIO DOLOSO;M;39;SANTA MARIA DE JETIB
43534801;01/11/2020;19:54;HOMICÍDIO DOLOSO;M;25;CONCEICAO DA BARR
43536046;02/11/2020;00:09;HOMICÍDIO DOLOSO;M;18;GUARAPARI
43536866;02/11/2020;00:30;HOMICÍDIO DOLOSO;M;25;SAO GABRIEL DA PALH
43537106;02/11/2020;04:51;HOMICÍDIO DOLOSO;M;18;VITORIA
43540187;02/11/2020;12:50;HOMICÍDIO DOLOSO;M;15;PINHEIROS
43542054;02/11/2020;21:07;HOMICÍDIO DOLOSO;M;31;CARIACICA
43535102;02/11/2020;21:04;HOMICÍDIO DOLOSO;M;42;CACHOEIRO DE ITAPE
43540185;02/11/2020;16:14;HOMICÍDIO DOLOSO;M;20;SERRA
43542989;03/11/2020;00:25;HOMICÍDIO DOLOSO;M;17;VITORIA
43543823;03/11/2020;07:37;HOMICÍDIO DOLOSO;M;56;SERRA
43547402;03/11/2020;15:43;HOMICÍDIO DOLOSO;M;55;CARIACICA
43549261;03/11/2020;19:57;HOMICÍDIO DOLOSO;M;21;SERRA
43549724;03/11/2020;21:19;HOMICÍDIO DOLOSO;M;21;IBATIBA
43542989;03/11/2020;00:25;HOMICÍDIO DOLOSO;M;22;VITORIA
43543023;03/11/2020;00:35;LATROCÍNIO;M;38;PINHEIROS
43545765;03/11/2020;12:07;LATROCÍNIO;M;22;VILA VELHA
43551037;04/11/2020;07:14;HOMICÍDIO DOLOSO;M;30;MIMOSO DO SUL
43557559;05/11/2020;00:30;HOMICÍDIO DOLOSO;M;29;CARIACICA
43571313;06/11/2020;20:01;HOMICÍDIO DOLOSO;M;34;SERRA
43572628;07/11/2020;23:55;HOMICÍDIO DOLOSO;M;21;JAGUARE
43572707;07/11/2020;00:15;HOMICÍDIO DOLOSO;M;35;GUARAPARI
43572827;07/11/2020;00:41;HOMICÍDIO DOLOSO;M;22;SOORETAMA
43573597;07/11/2020;04:54;HOMICÍDIO DOLOSO;M;33;GUARAPARI
43575341;07/11/2020;12:07;HOMICÍDIO DOLOSO;M;20;CARIACICA
43577772;07/11/2020;18:42;HOMICÍDIO DOLOSO;M;37;SAO MATEUS
43578418;07/11/2020;17:00;HOMICÍDIO DOLOSO;M;13;SAO DOMINGOS DO N
43581811;08/11/2020;09:23;HOMICÍDIO DOLOSO;M;25;LINHARES
43586222;08/11/2020;21:13;HOMICÍDIO DOLOSO;M;22;SAO MATEUS
43595650;10/11/2020;05:22;HOMICÍDIO DOLOSO;M;21;CARIACICA
43600474;10/11/2020;18:10;HOMICÍDIO DOLOSO;M;27;SERRA
43601094;10/11/2020;18:43;HOMICÍDIO DOLOSO;M;31;PEDRO CANARIO
43602657;10/11/2020;22:50;HOMICÍDIO DOLOSO;M;16;VILA VELHA
43603832;11/11/2020;08:28;HOMICÍDIO DOLOSO;M;32;CACHOEIRO DE ITAPE
43610007;11/11/2020;23:06;HOMICÍDIO DOLOSO;M;19;LINHARES
43610007;11/11/2020;23:06;HOMICÍDIO DOLOSO;M;16;LINHARES
43610666;12/11/2020;02:33;HOMICÍDIO DOLOSO;M;41;BAIXO GUANDU
43613194;12/11/2020;06:30;HOMICÍDIO DOLOSO;M;null;COLATINA
43612541;12/11/2020;11:18;HOMICÍDIO DOLOSO;M;17;VILA VELHA
43613399;12/11/2020;13:16;HOMICÍDIO DOLOSO;F;49;VITORIA
43617218;12/11/2020;21:48;HOMICÍDIO DOLOSO;M;36;ITAGUACU
43625414;13/11/2020;23:22;HOMICÍDIO DOLOSO;M;52;PIUMA
43627060;14/11/2020;07:56;HOMICÍDIO DOLOSO;M;24;GUARAPARI
43627662;14/11/2020;09:59;HOMICÍDIO DOLOSO;M;23;IUNA
43629697;14/11/2020;14:59;HOMICÍDIO DOLOSO;M;41;CARIACICA
43630736;14/11/2020;17:26;HOMICÍDIO DOLOSO;M;21;SAO MATEUS
43632420;14/11/2020;21:20;HOMICÍDIO DOLOSO;M;21;ARACRUZ
43633837;15/11/2020;00:00;HOMICÍDIO DOLOSO;M;31;COLATINA
43633718;15/11/2020;01:36;HOMICÍDIO DOLOSO;M;44;SAO MATEUS
43633866;15/11/2020;02:12;HOMICÍDIO DOLOSO;M;31;SANTA TERESA
43633866;15/11/2020;02:12;HOMICÍDIO DOLOSO;F;46;SANTA TERESA
43639002;15/11/2020;18:11;HOMICÍDIO DOLOSO;M;34;ITAPEMIRIM
43635621;15/11/2020;09:57;HOMICÍDIO DOLOSO;M;18;VILA VELHA
43642191;16/11/2020;04:20;HOMICÍDIO DOLOSO;M;null;PINHEIROS
43643448;16/11/2020;10:53;HOMICÍDIO DOLOSO;F;27;SERRA
43643547;16/11/2020;11:05;HOMICÍDIO DOLOSO;M;;SAO MATEUS
43646756;16/11/2020;18:02;HOMICÍDIO DOLOSO;M;45;SERRA
43646155;16/11/2020;16:40;LATROCÍNIO;M;32;SERRA
43656812;18/11/2020;03:49;HOMICÍDIO DOLOSO;F;;CONCEICAO DA BARR
43657104;18/11/2020;07:05;HOMICÍDIO DOLOSO;M;31;BARRA DE SAO FRANCI
43661169;18/11/2020;16:11;HOMICÍDIO DOLOSO;M;42;CARIACICA
43662813;18/11/2020;20:07;HOMICÍDIO DOLOSO;M;18;SERRA
43660650;18/11/2020;15:12;HOMICÍDIO DOLOSO;M;;ITAGUACU
43599537;18/11/2020;15:38;HOMICÍDIO DOLOSO;M;18;VILA VELHA
43664202;19/11/2020;00:57;HOMICÍDIO DOLOSO;M;25;GUARAPARI
43664514;19/11/2020;05:10;HOMICÍDIO DOLOSO;M;19;PINHEIROS
43667426;19/11/2020;14:33;HOMICÍDIO DOLOSO;F;;IBATIBA
43671120;19/11/2020;22:10;HOMICÍDIO DOLOSO;M;21;BOA ESPERANCA
43671573;20/11/2020;00:32;HOMICÍDIO DOLOSO;M;27;VIANA
43671881;20/11/2020;03:16;HOMICÍDIO DOLOSO;F;17;SAO MATEUS
43671881;20/11/2020;03:16;HOMICÍDIO DOLOSO;M;25;SAO MATEUS
43672154;20/11/2020;06:09;HOMICÍDIO DOLOSO;M;35;SERRA
43679693;21/11/2020;02:43;HOMICÍDIO DOLOSO;F;22;LINHARES
43679844;21/11/2020;03:56;HOMICÍDIO DOLOSO;M;64;SERRA
43680092;21/11/2020;06:20;HOMICÍDIO DOLOSO;M;63;CACHOEIRO DE ITAPE
43678702;21/11/2020;21:50;HOMICÍDIO DOLOSO;M;33;SAO GABRIEL DA PALH
43582914;21/11/2020;13:17;HOMICÍDIO DOLOSO;M;25;CARIACICA
43686344;22/11/2020;00:49;HOMICÍDIO DOLOSO;M;67;GOVERNADOR LINDEN
43688093;22/11/2020;09:37;HOMICÍDIO DOLOSO;M;44;CARIACICA
43688267;22/11/2020;10:12;LATROCÍNIO;M;49;CONCEICAO DA BARR
43693250;23/11/2020;03:08;HOMICÍDIO DOLOSO;M;40;GUACUI
43697909;23/11/2020;16:44;HOMICÍDIO DOLOSO;M;26;CARIACICA
43698976;23/11/2020;19:09;HOMICÍDIO DOLOSO;M;23;VILA VELHA
43712712;25/11/2020;18:50;HOMICÍDIO DOLOSO;F;47;CARIACICA
43718144;26/11/2020;13:50;HOMICÍDIO DOLOSO;M;27;VILA VELHA
43718671;26/11/2020;14:55;HOMICÍDIO DOLOSO;M;;NOVA VENECIA
43718949;26/11/2020;15:23;HOMICÍDIO DOLOSO;M;32;IBITIRAMA
43727850;27/11/2020;18:33;HOMICÍDIO DOLOSO;M;46;LINHARES
43730534;27/11/2020;22:40;HOMICÍDIO DOLOSO;M;31;PINHEIROS
43730978;27/11/2020;23:05;HOMICÍDIO DOLOSO;F;23;ECOPORANGA
43735823;28/11/2020;20:01;HOMICÍDIO DOLOSO;M;34;SERRA
43735306;28/11/2020;18:46;HOMICÍDIO DOLOSO;M;54;CARIACICA
43735306;28/11/2020;18:46;HOMICÍDIO DOLOSO;M;25;CARIACICA
43737555;29/11/2020;00:26;HOMICÍDIO DOLOSO;M;;CARIACICA
43741823;29/11/2020;15:44;HOMICÍDIO DOLOSO;M;60;DOMINGOS MARTINS
43743956;29/11/2020;20:56;HOMICÍDIO DOLOSO;M;22;LINHARES
43744377;29/11/2020;22:09;HOMICÍDIO DOLOSO;M;21;CARIACICA
43745100;30/11/2020;00:33;HOMICÍDIO DOLOSO;M;18;LINHARES
43749903;30/11/2020;16:55;HOMICÍDIO DOLOSO;M;20;VARGEM ALTA
43752302;30/11/2020;23:38;HOMICÍDIO DOLOSO;F;22;GUARAPARI
43752891;01/12/2020;06:08;HOMICÍDIO DOLOSO;M;26;SERRA
43752891;01/12/2020;06:08;HOMICÍDIO DOLOSO;F;30;SERRA
43758189;01/12/2020;19:20;HOMICÍDIO DOLOSO;M;16;BAIXO GUANDU
43752640;01/12/2020;02:03;LATROCÍNIO;M;55;JOAO NEIVA
43759494;02/12/2020;00:25;HOMICÍDIO DOLOSO;M;31;VILA VELHA
43759904;02/12/2020;05:28;HOMICÍDIO DOLOSO;M;38;PRESIDENTE KENNEDY
43762885;02/12/2020;13:38;HOMICÍDIO DOLOSO;M;27;SERRA
43765391;02/12/2020;18:53;HOMICÍDIO DOLOSO;F;2;LINHARES
43765391;02/12/2020;18:53;HOMICÍDIO DOLOSO;F;45;LINHARES
43767710;03/12/2020;07:05;HOMICÍDIO DOLOSO;M;32;PEDRO CANARIO
43777939;04/12/2020;00:00;HOMICÍDIO DOLOSO;M;23;VITORIA
43774660;04/12/2020;01:27;HOMICÍDIO DOLOSO;M;null;CACHOEIRO DE ITAPE
43776281;04/12/2020;10:25;HOMICÍDIO DOLOSO;M;64;CONCEICAO DA BARR
43777831;04/12/2020;14:01;HOMICÍDIO DOLOSO;M;19;VITORIA
43780154;04/12/2020;19:22;HOMICÍDIO DOLOSO;M;;CARIACICA
43783640;05/12/2020;09:03;HOMICÍDIO DOLOSO;M;41;SERRA
43788374;05/12/2020;21:36;HOMICÍDIO DOLOSO;F;40;BAIXO GUANDU
43783062;05/12/2020;05:33;LATROCÍNIO;F;21;CARIACICA
43789455;06/12/2020;00:19;HOMICÍDIO DOLOSO;M;34;VILA VELHA
43789489;06/12/2020;00:24;HOMICÍDIO DOLOSO;F;28;IBATIBA
43794791;06/12/2020;18:47;HOMICÍDIO DOLOSO;M;48;VITORIA
43796786;07/12/2020;01:05;HOMICÍDIO DOLOSO;M;24;VITORIA
43798111;07/12/2020;07:10;HOMICÍDIO DOLOSO;M;36;VILA VALERIO
43798385;07/12/2020;09:52;HOMICÍDIO DOLOSO;M;19;CARIACICA
43803894;07/12/2020;21:25;HOMICÍDIO DOLOSO;M;34;SERRA
43809842;08/12/2020;18:04;HOMICÍDIO DOLOSO;M;25;SERRA
43811068;08/12/2020;21:06;HOMICÍDIO DOLOSO;M;54;BAIXO GUANDU
43818166;09/12/2020;20:20;HOMICÍDIO DOLOSO;M;24;RIO NOVO DO SUL
43831798;11/12/2020;18:39;HOMICÍDIO DOLOSO;M;48;AGUIA BRANCA
43832080;11/12/2020;19:18;HOMICÍDIO DOLOSO;M;null;PEDRO CANARIO
43834202;12/12/2020;01:08;HOMICÍDIO DOLOSO;M;31;GUARAPARI
43837699;12/12/2020;15:16;HOMICÍDIO DOLOSO;M;19;CARIACICA
43838043;12/12/2020;16:10;HOMICÍDIO DOLOSO;M;46;IUNA
43842394;13/12/2020;03:48;HOMICÍDIO DOLOSO;F;23;LINHARES
43844200;13/12/2020;06:10;HOMICÍDIO DOLOSO;M;null;BAIXO GUANDU
43847447;13/12/2020;21:08;HOMICÍDIO DOLOSO;M;22;SERRA
43845353;13/12/2020;15:53;HOMICÍDIO DOLOSO;M;2;SAO GABRIEL DA PALH
43853047;14/12/2020;16:39;HOMICÍDIO DOLOSO;M;20;SERRA
43858230;15/12/2020;12:15;HOMICÍDIO DOLOSO;F;31;GUACUI
43863102;16/12/2020;04:08;HOMICÍDIO DOLOSO;M;40;GUARAPARI
43863388;16/12/2020;07:06;HOMICÍDIO DOLOSO;M;49;VILA VELHA
43863564;16/12/2020;07:53;HOMICÍDIO DOLOSO;M;23;CARIACICA
43876400;17/12/2020;23:09;HOMICÍDIO DOLOSO;M;20;RIO NOVO DO SUL
43875898;17/12/2020;21:29;LESÃO CORPORAL SEGUI;MA DE;3O0RTE;CARIACICA
43883426;18/12/2020;22:19;HOMICÍDIO DOLOSO;F;19;SAO MATEUS
43883426;18/12/2020;22:19;HOMICÍDIO DOLOSO;M;23;SAO MATEUS
43883657;18/12/2020;22:30;HOMICÍDIO DOLOSO;M;39;CONCEICAO DA BARR
43884297;18/12/2020;23:30;HOMICÍDIO DOLOSO;M;null;BAIXO GUANDU
43884016;18/12/2020;23:50;HOMICÍDIO DOLOSO;M;25;ARACRUZ
43884919;19/12/2020;00:05;HOMICÍDIO DOLOSO;M;16;PINHEIROS
43889164;19/12/2020;18:16;HOMICÍDIO DOLOSO;M;36;PIUMA
43890252;19/12/2020;20:52;HOMICÍDIO DOLOSO;M;35;ARACRUZ
43890330;19/12/2020;21:02;HOMICÍDIO DOLOSO;M;54;SERRA
43885650;19/12/2020;08:40;HOMICÍDIO DOLOSO;M;51;AFONSO CLAUDIO
43895353;20/12/2020;16:44;HOMICÍDIO DOLOSO;M;28;VITORIA
43895898;20/12/2020;18:07;HOMICÍDIO DOLOSO;M;32;SERRA
43898455;21/12/2020;01:59;HOMICÍDIO DOLOSO;M;;BOA ESPERANCA
43898621;21/12/2020;03:38;HOMICÍDIO DOLOSO;M;29;LINHARES
43898666;21/12/2020;04:13;HOMICÍDIO DOLOSO;M;43;LINHARES
43905349;21/12/2020;20:56;HOMICÍDIO DOLOSO;M;24;CARIACICA
43896847;21/12/2020;20:33;HOMICÍDIO DOLOSO;M;54;VITORIA
43906486;22/12/2020;02:23;HOMICÍDIO DOLOSO;M;45;MANTENOPOLIS
43913013;22/12/2020;21:11;HOMICÍDIO DOLOSO;M;16;JAGUARE
43913013;22/12/2020;21:11;HOMICÍDIO DOLOSO;M;40;JAGUARE
43906384;23/12/2020;01:07;HOMICÍDIO DOLOSO;M;28;SOORETAMA
43922047;24/12/2020;08:22;HOMICÍDIO DOLOSO;M;;JAGUARE
43926930;24/12/2020;20:25;HOMICÍDIO DOLOSO;M;;LINHARES
43926993;24/12/2020;20:35;HOMICÍDIO DOLOSO;M;16;JAGUARE
43930285;25/12/2020;07:42;HOMICÍDIO DOLOSO;M;35;SERRA
43935874;25/12/2020;22:00;HOMICÍDIO DOLOSO;M;24;SAO GABRIEL DA PALH
43926649;25/12/2020;19:41;HOMICÍDIO DOLOSO;M;18;CARIACICA
43930466;25/12/2020;08:51;LESÃO CORPORAL SEGUI;MA DE;2O3RTE;SERRA
43940778;26/12/2020;18:51;HOMICÍDIO DOLOSO;M;28;LINHARES
43944118;27/12/2020;08:32;HOMICÍDIO DOLOSO;M;24;ITAPEMIRIM
43944118;27/12/2020;08:32;HOMICÍDIO DOLOSO;M;26;ITAPEMIRIM
43944413;27/12/2020;09:49;HOMICÍDIO DOLOSO;M;21;VIANA
43943278;27/12/2020;23:40;HOMICÍDIO DOLOSO;M;null;AGUIA BRANCA
43949056;28/12/2020;00:07;HOMICÍDIO DOLOSO;M;26;VIANA
43953082;28/12/2020;12:00;HOMICÍDIO DOLOSO;M;26;BOA ESPERANCA
43952108;28/12/2020;12:51;HOMICÍDIO DOLOSO;F;;SERRA
43953462;28/12/2020;15:38;HOMICÍDIO DOLOSO;M;43;VILA VELHA
43955502;28/12/2020;19:59;HOMICÍDIO DOLOSO;M;21;GUARAPARI
43956948;29/12/2020;01:21;HOMICÍDIO DOLOSO;M;20;GUACUI
43963104;29/12/2020;16:10;HOMICÍDIO DOLOSO;M;32;SAO GABRIEL DA PALH
43961302;29/12/2020;16:50;HOMICÍDIO DOLOSO;M;59;CARIACICA
43963351;29/12/2020;22:16;HOMICÍDIO DOLOSO;F;27;PIUMA
43970170;30/12/2020;20:36;HOMICÍDIO DOLOSO;M;52;CARIACICA
43974873;31/12/2020;13:49;HOMICÍDIO DOLOSO;M;;SANTA LEOPOLDINA
43976716;31/12/2020;18:07;HOMICÍDIO DOLOSO;M;16;CARIACICA
INCIDENTE;QUANT;;;;;
TOTAL;1162;;;;;
